2026-10-02 17:54:40,617 | INFO | MainThread | === CAPSTONE DEBUG LOG START ===
2026-10-02 17:54:40,617 | INFO | MainThread | debug_logging_enabled=True
2026-10-02 17:54:40,617 | INFO | MainThread | Human command submitted: 'move both packages to their designated positions'
2026-10-02 17:54:40,618 | INFO | Thread-1 (_run_capstone) | Initializing custom warehouse environment
2026-10-02 17:54:40,618 | INFO | Thread-1 (_run_capstone) | Environment dimensions rows=15 cols=20
2026-10-02 17:54:40,620 | INFO | Thread-1 (_run_capstone) | Warehouse state and orchestrator created
2026-10-02 17:54:40,622 | INFO | Thread-1 (_run_capstone) | Robots initialized: R1=(2, 2) R2=(17, 3)
2026-10-02 17:54:40,640 | INFO | Thread-1 (_run_capstone) | SQLite memory attached run_id=2
2026-10-02 17:54:40,640 | INFO | Thread-1 (_run_capstone) | Loaded items=[('ITEM-001', (2, 9), 6.0), ('ITEM-002', (15, 11), 4.0)]
2026-10-02 17:54:40,640 | INFO | Thread-1 (_run_capstone) | Loaded tasks=[('TASK-001', 'ITEM-001', (2, 9), (3, 4)), ('TASK-002', 'ITEM-002', (15, 11), (18, 12))]
2026-10-02 17:54:40,640 | INFO | Thread-1 (_run_capstone) | Dispatch start request='move both packages to their designated positions'
2026-10-02 17:54:50,315 | INFO | Thread-1 (_run_capstone) | EVENT | TASK_ASSIGNED | {'task_id': 'TASK-001', 'robot_id': 2}
2026-10-02 17:54:50,330 | INFO | Thread-1 (_run_capstone) | EVENT | TASK_ASSIGNED | {'task_id': 'TASK-002', 'robot_id': 2}
2026-10-02 17:54:50,338 | INFO | Thread-1 (_run_capstone) | Dispatch result: {'status': 'DISPATCH_AUTHORIZED', 'result': {'answer': 'Dispatch plan verified. Assigning ITEM-001 and ITEM-002 to robot 2 as returned by the SMT verifier.', 'assignments': {'ITEM-001': '2', 'ITEM-002': '2'}}, 'final_smt_check': {'status': 'SATISFIABLE', 'assignments': {'ITEM-001': '2', 'ITEM-002': '2'}, 'feedback': 'Dispatch plan verified by SMT.'}, 'task_assignments': [{'task_id': 'TASK-001', 'item_id': 'ITEM-001', 'robot_id': '2'}, {'task_id': 'TASK-002', 'item_id': 'ITEM-002', 'robot_id': '2'}], 'trace': [{'role': 'system', 'content': '\nYou are the dispatch reasoning layer of an autonomous warehouse.\n\nReturn exactly one JSON object per turn:\n{\n  "thought": "<brief reasoning summary>",\n  "action": "<action>",\n  "action_input": {...}\n}\n\nAllowed actions are exactly:\n\n1. "verify_dispatch_smt"\n   action_input:\n   {\n     "packages": [\n       {"id": "<package id>", "weight": <number>}\n     ],\n     "robots": [\n       {\n         "id": "<robot id>",\n         "capacity": <number>,\n         "battery_pct": <number>,\n         "min_battery": <number>,\n         "drain_rate": <number>\n       }\n     ]\n   }\n\n2. "ask_user"\n   action_input:\n   {"question": "<question>"}\n\n3. "finish"\n   action_input:\n   {\n     "answer": "<answer>",\n     "assignments": {"package_id": "robot_id", ...}\n   }\n\nRules:\n- First translate the warehouse request into a concrete verifier payload.\n- Only create assignments for packages/items that the HUMAN DISPATCH REQUEST explicitly asks to move.\n- Do not add extra packages, extra tasks, or "helpful" assignments that were not requested.\n- If the human explicitly names a robot for a requested package, use that robot; do not silently substitute another robot.\n- When the HUMAN DISPATCH REQUEST explicitly says "ITEM-X to Robot-Y", the\n  final assignment for ITEM-X MUST be exactly Robot-Y. Do not move that item to\n  another robot merely because SMT also finds that alternative feasible.\n- Do not treat a merely feasible alternative assignment as permission to rewrite\n  an explicit human assignment.\n- The SMT verifier is the source of truth for physical feasibility, while the\n  human request is the source of truth for explicit assignment intent.\n- If SMT returns SATISFIABLE, finish using exactly the assignments from that\n  verified result.\n- If SMT returns UNSATISFIABLE, read diagnostics and feedback, explain the\n  actual constraint failure in your Thought, and propose a genuinely\n  different payload.\n- Never submit the exact same verify_dispatch_smt payload twice.\n- A changed plan must be sent back through SMT before being described as\n  feasible.\n- Use ask_user when the correct relaxation requires a human preference.\n- Never claim a plan is feasible without a SATISFIABLE verification for that\n  exact plan.\n'}, {'role': 'user', 'content': 'HUMAN DISPATCH REQUEST:\nmove both packages to their designated positions\n\nAUTHORITATIVE CURRENT WAREHOUSE STATE:\n{\n  "robots": [\n    {\n      "id": 1,\n      "capacity_kg": 10.0,\n      "battery_pct": 100.0,\n      "wear": 0.0,\n      "min_battery_pct": 20.0,\n      "drain_rate_pct_per_kg": 0.0\n    },\n    {\n      "id": 2,\n      "capacity_kg": 10.0,\n      "battery_pct": 100.0,\n      "wear": 0.0,\n      "min_battery_pct": 20.0,\n      "drain_rate_pct_per_kg": 0.0\n    }\n  ],\n  "items": [\n    {\n      "id": "ITEM-001",\n      "weight_kg": 6.0,\n      "location": [\n        2,\n        9\n      ],\n      "status": "AVAILABLE"\n    },\n    {\n      "id": "ITEM-002",\n      "weight_kg": 4.0,\n      "location": [\n        15,\n        11\n      ],\n      "status": "AVAILABLE"\n    }\n  ],\n  "tasks": [\n    {\n      "task_id": "TASK-001",\n      "item_id": "ITEM-001",\n      "destination": [\n        3,\n        4\n      ],\n      "assigned_robot_id": null\n    },\n    {\n      "task_id": "TASK-002",\n      "item_id": "ITEM-002",\n      "destination": [\n        18,\n        12\n      ],\n      "assigned_robot_id": null\n    }\n  ]\n}\n\nUse the supplied warehouse state for package weights, robot capacity, battery, and available entities. Do not ask the human to repeat information already present here.'}, {'role': 'assistant', 'content': '{\n  "thought": "Translate the human request into an SMT payload that asks whether both items (ITEM-001 6kg, ITEM-002 4kg) can be assigned to available robots (IDs 1 and 2) given each robot\'s capacity and battery constraints.",\n  "action": "verify_dispatch_smt",\n  "action_input": {\n    "packages": [\n      {\n        "id": "ITEM-001",\n        "weight": 6.0\n      },\n      {\n        "id": "ITEM-002",\n        "weight": 4.0\n      }\n    ],\n    "robots": [\n      {\n        "id": "1",\n        "capacity": 10.0,\n        "battery_pct": 100.0,\n        "min_battery": 20.0,\n        "drain_rate": 0.0\n      },\n      {\n        "id": "2",\n        "capacity": 10.0,\n        "battery_pct": 100.0,\n        "min_battery": 20.0,\n        "drain_rate": 0.0\n      }\n    ]\n  }\n}'}, {'role': 'user', 'content': '{"status": "SATISFIABLE", "assignments": {"ITEM-001": "2", "ITEM-002": "2"}, "feedback": "Dispatch plan verified by SMT."}'}, {'role': 'assistant', 'content': '{\n  "thought": "SMT returned SATISFIABLE assigning both items to robot 2, so finish using those verified assignments.",\n  "action": "finish",\n  "action_input": {\n    "answer": "Dispatch plan verified. Assigning ITEM-001 and ITEM-002 to robot 2 as returned by the SMT verifier.",\n    "assignments": {\n      "ITEM-001": "2",\n      "ITEM-002": "2"\n    }\n  }\n}'}]}
2026-10-02 17:54:50,338 | INFO | Thread-1 (_run_capstone) | EVENT | ROUTE_PLANNED | {'robot_id': 2, 'destination': (2, 9), 'route_length': 26, 'planner': 'astar', 'bandit_arm': None, 'bandit_reward': None, 'value_estimate': None, 'fallback_reason': None, 'nodes_expanded': 119, 'planning_time_ms': 0.40459632873535156}
2026-10-02 17:54:50,346 | INFO | Thread-1 (_run_capstone) | A* planned robot=2 destination=(2, 9) blocked_dynamic=[(3, 4)] route=[(17, 3), (17, 4), (16, 4), (16, 5), (16, 6), (15, 6), (14, 6), (14, 7), (14, 8), (14, 9), (13, 9), (12, 9), (12, 10), (11, 10), (10, 10), (9, 10), (8, 10), (7, 10), (7, 11), (6, 11), (5, 11), (4, 11), (3, 11), (2, 11), (2, 10), (2, 9)]
2026-10-02 17:54:50,346 | INFO | Thread-1 (_run_capstone) | A* NEXT WAYPOINT robot=2 current=(17, 3) destination=(2, 9) waypoint=(17, 4) remaining_route=[(17, 3), (17, 4), (16, 4), (16, 5), (16, 6), (15, 6), (14, 6), (14, 7), (14, 8), (14, 9), (13, 9), (12, 9), (12, 10), (11, 10), (10, 10), (9, 10), (8, 10), (7, 10), (7, 11), (6, 11), (5, 11), (4, 11), (3, 11), (2, 11), (2, 10), (2, 9)]
2026-10-02 17:54:50,447 | INFO | Thread-1 (_run_capstone) | ACTIVE_TASK robot=2 task=TASK-001 phase=PICKUP
2026-10-02 17:54:50,448 | INFO | Thread-1 (_run_capstone) | EVENT | ROUTE_PLANNED | {'robot_id': 2, 'destination': (2, 9), 'route_length': 26, 'planner': 'astar', 'bandit_arm': None, 'bandit_reward': None, 'value_estimate': None, 'fallback_reason': None, 'nodes_expanded': 119, 'planning_time_ms': 0.41174888610839844}
2026-10-02 17:54:50,460 | INFO | Thread-1 (_run_capstone) | A* planned robot=2 destination=(2, 9) blocked_dynamic=[(3, 4)] route=[(17, 3), (17, 4), (16, 4), (16, 5), (16, 6), (15, 6), (14, 6), (14, 7), (14, 8), (14, 9), (13, 9), (12, 9), (12, 10), (11, 10), (10, 10), (9, 10), (8, 10), (7, 10), (7, 11), (6, 11), (5, 11), (4, 11), (3, 11), (2, 11), (2, 10), (2, 9)]
2026-10-02 17:54:50,460 | INFO | Thread-1 (_run_capstone) | A* NEXT WAYPOINT robot=2 current=(17, 3) destination=(2, 9) waypoint=(17, 4) remaining_route=[(17, 3), (17, 4), (16, 4), (16, 5), (16, 6), (15, 6), (14, 6), (14, 7), (14, 8), (14, 9), (13, 9), (12, 9), (12, 10), (11, 10), (10, 10), (9, 10), (8, 10), (7, 10), (7, 11), (6, 11), (5, 11), (4, 11), (3, 11), (2, 11), (2, 10), (2, 9)]
2026-10-02 17:54:50,564 | INFO | Thread-1 (_run_capstone) | MOVE REQUEST robot=2 pos=(17, 3) target=(17, 4) conflict_robot=1 conflict_target=None
2026-10-02 17:54:50,659 | INFO | Thread-1 (_run_capstone) | SARSA_ROUTE_MATCH robot=2 action=1 target=(17, 4)
2026-10-02 17:54:50,694 | INFO | Thread-1 (_run_capstone) | EVENT | ROBOT_MOVED | {'robot_id': 2, 'position': (17, 4), 'estimated_position': (17, 4), 'observation': 3, 'battery': 99.0}
2026-10-02 17:54:50,703 | INFO | Thread-1 (_run_capstone) | EVENT | SARSA_ACTION | {'robot_id': 2, 'action': 1, 'proposed_action': 1, 'position': (17, 4), 'target': (17, 4), 'controller': 'SARSA+ASTAR_ROUTE_GUARD'}
2026-10-02 17:54:50,711 | INFO | Thread-1 (_run_capstone) | MOVE RESULT robot=2 ok=True new_pos=(17, 4) battery=99.00 target=(17, 4)
2026-10-02 17:54:50,892 | INFO | Thread-1 (_run_capstone) | ACTIVE_TASK robot=2 task=TASK-001 phase=PICKUP
2026-10-02 17:54:50,896 | INFO | Thread-1 (_run_capstone) | EVENT | ROUTE_PLANNED | {'robot_id': 2, 'destination': (2, 9), 'route_length': 25, 'planner': 'astar', 'bandit_arm': None, 'bandit_reward': None, 'value_estimate': None, 'fallback_reason': None, 'nodes_expanded': 109, 'planning_time_ms': 3.829479217529297}
2026-10-02 17:54:50,912 | INFO | Thread-1 (_run_capstone) | A* planned robot=2 destination=(2, 9) blocked_dynamic=[(3, 4)] route=[(17, 4), (17, 5), (16, 5), (16, 6), (16, 7), (15, 7), (14, 7), (14, 8), (13, 8), (13, 9), (12, 9), (11, 9), (10, 9), (10, 10), (9, 10), (8, 10), (7, 10), (6, 10), (6, 11), (5, 11), (4, 11), (3, 11), (3, 10), (3, 9), (2, 9)]
2026-10-02 17:54:50,912 | INFO | Thread-1 (_run_capstone) | A* NEXT WAYPOINT robot=2 current=(17, 4) destination=(2, 9) waypoint=(17, 5) remaining_route=[(17, 4), (17, 5), (16, 5), (16, 6), (16, 7), (15, 7), (14, 7), (14, 8), (13, 8), (13, 9), (12, 9), (11, 9), (10, 9), (10, 10), (9, 10), (8, 10), (7, 10), (6, 10), (6, 11), (5, 11), (4, 11), (3, 11), (3, 10), (3, 9), (2, 9)]
2026-10-02 17:54:51,017 | INFO | Thread-1 (_run_capstone) | MOVE REQUEST robot=2 pos=(17, 4) target=(17, 5) conflict_robot=1 conflict_target=None
2026-10-02 17:54:51,115 | INFO | Thread-1 (_run_capstone) | SARSA_ROUTE_MATCH robot=2 action=1 target=(17, 5)
2026-10-02 17:54:51,115 | INFO | Thread-1 (_run_capstone) | EVENT | ROBOT_MOVED | {'robot_id': 2, 'position': (17, 5), 'estimated_position': (17, 5), 'observation': 0, 'battery': 98.0}
2026-10-02 17:54:51,125 | INFO | Thread-1 (_run_capstone) | EVENT | SARSA_ACTION | {'robot_id': 2, 'action': 1, 'proposed_action': 1, 'position': (17, 5), 'target': (17, 5), 'controller': 'SARSA+ASTAR_ROUTE_GUARD'}
2026-10-02 17:54:51,133 | INFO | Thread-1 (_run_capstone) | MOVE RESULT robot=2 ok=True new_pos=(17, 5) battery=98.00 target=(17, 5)
2026-10-02 17:54:51,314 | INFO | Thread-1 (_run_capstone) | ACTIVE_TASK robot=2 task=TASK-001 phase=PICKUP
2026-10-02 17:54:51,315 | INFO | Thread-1 (_run_capstone) | EVENT | ROUTE_PLANNED | {'robot_id': 2, 'destination': (2, 9), 'route_length': 24, 'planner': 'astar', 'bandit_arm': None, 'bandit_reward': None, 'value_estimate': None, 'fallback_reason': None, 'nodes_expanded': 107, 'planning_time_ms': 0.6668567657470703}
2026-10-02 17:54:51,329 | INFO | Thread-1 (_run_capstone) | A* planned robot=2 destination=(2, 9) blocked_dynamic=[(3, 4)] route=[(17, 5), (17, 6), (16, 6), (15, 6), (14, 6), (14, 7), (14, 8), (13, 8), (12, 8), (11, 8), (11, 9), (10, 9), (9, 9), (8, 9), (7, 9), (7, 10), (6, 10), (6, 11), (5, 11), (4, 11), (3, 11), (2, 11), (2, 10), (2, 9)]
2026-10-02 17:54:51,329 | INFO | Thread-1 (_run_capstone) | A* NEXT WAYPOINT robot=2 current=(17, 5) destination=(2, 9) waypoint=(17, 6) remaining_route=[(17, 5), (17, 6), (16, 6), (15, 6), (14, 6), (14, 7), (14, 8), (13, 8), (12, 8), (11, 8), (11, 9), (10, 9), (9, 9), (8, 9), (7, 9), (7, 10), (6, 10), (6, 11), (5, 11), (4, 11), (3, 11), (2, 11), (2, 10), (2, 9)]
2026-10-02 17:54:51,426 | INFO | Thread-1 (_run_capstone) | MOVE REQUEST robot=2 pos=(17, 5) target=(17, 6) conflict_robot=1 conflict_target=None
2026-10-02 17:54:51,526 | INFO | Thread-1 (_run_capstone) | SARSA_ROUTE_MATCH robot=2 action=1 target=(17, 6)
2026-10-02 17:54:51,526 | INFO | Thread-1 (_run_capstone) | EVENT | ROBOT_MOVED | {'robot_id': 2, 'position': (17, 6), 'estimated_position': (17, 6), 'observation': 3, 'battery': 97.0}
2026-10-02 17:54:51,535 | INFO | Thread-1 (_run_capstone) | EVENT | SARSA_ACTION | {'robot_id': 2, 'action': 1, 'proposed_action': 1, 'position': (17, 6), 'target': (17, 6), 'controller': 'SARSA+ASTAR_ROUTE_GUARD'}
2026-10-02 17:54:51,544 | INFO | Thread-1 (_run_capstone) | MOVE RESULT robot=2 ok=True new_pos=(17, 6) battery=97.00 target=(17, 6)
2026-10-02 17:54:51,724 | INFO | Thread-1 (_run_capstone) | ACTIVE_TASK robot=2 task=TASK-001 phase=PICKUP
2026-10-02 17:54:51,725 | INFO | Thread-1 (_run_capstone) | EVENT | ROUTE_PLANNED | {'robot_id': 2, 'destination': (2, 9), 'route_length': 23, 'planner': 'astar', 'bandit_arm': None, 'bandit_reward': None, 'value_estimate': None, 'fallback_reason': None, 'nodes_expanded': 97, 'planning_time_ms': 0.5779266357421875}
2026-10-02 17:54:51,738 | INFO | Thread-1 (_run_capstone) | A* planned robot=2 destination=(2, 9) blocked_dynamic=[(3, 4)] route=[(17, 6), (17, 7), (16, 7), (15, 7), (14, 7), (13, 7), (12, 7), (12, 8), (11, 8), (10, 8), (9, 8), (8, 8), (7, 8), (7, 9), (6, 9), (6, 10), (5, 10), (5, 11), (4, 11), (3, 11), (3, 10), (2, 10), (2, 9)]
2026-10-02 17:54:51,738 | INFO | Thread-1 (_run_capstone) | A* NEXT WAYPOINT robot=2 current=(17, 6) destination=(2, 9) waypoint=(17, 7) remaining_route=[(17, 6), (17, 7), (16, 7), (15, 7), (14, 7), (13, 7), (12, 7), (12, 8), (11, 8), (10, 8), (9, 8), (8, 8), (7, 8), (7, 9), (6, 9), (6, 10), (5, 10), (5, 11), (4, 11), (3, 11), (3, 10), (2, 10), (2, 9)]
2026-10-02 17:54:51,837 | INFO | Thread-1 (_run_capstone) | MOVE REQUEST robot=2 pos=(17, 6) target=(17, 7) conflict_robot=1 conflict_target=None
2026-10-02 17:54:51,933 | INFO | Thread-1 (_run_capstone) | SARSA_ROUTE_MATCH robot=2 action=1 target=(17, 7)
2026-10-02 17:54:51,934 | INFO | Thread-1 (_run_capstone) | EVENT | ROBOT_MOVED | {'robot_id': 2, 'position': (17, 7), 'estimated_position': (17, 7), 'observation': 1, 'battery': 96.0}
2026-10-02 17:54:51,945 | INFO | Thread-1 (_run_capstone) | EVENT | SARSA_ACTION | {'robot_id': 2, 'action': 1, 'proposed_action': 1, 'position': (17, 7), 'target': (17, 7), 'controller': 'SARSA+ASTAR_ROUTE_GUARD'}
2026-10-02 17:54:51,952 | INFO | Thread-1 (_run_capstone) | MOVE RESULT robot=2 ok=True new_pos=(17, 7) battery=96.00 target=(17, 7)
2026-10-02 17:54:52,133 | INFO | Thread-1 (_run_capstone) | ACTIVE_TASK robot=2 task=TASK-001 phase=PICKUP
2026-10-02 17:54:52,133 | INFO | Thread-1 (_run_capstone) | EVENT | ROUTE_PLANNED | {'robot_id': 2, 'destination': (2, 9), 'route_length': 22, 'planner': 'astar', 'bandit_arm': None, 'bandit_reward': None, 'value_estimate': None, 'fallback_reason': None, 'nodes_expanded': 69, 'planning_time_ms': 0.48661231994628906}
2026-10-02 17:54:52,145 | INFO | Thread-1 (_run_capstone) | A* planned robot=2 destination=(2, 9) blocked_dynamic=[(3, 4)] route=[(17, 7), (16, 7), (15, 7), (15, 8), (15, 9), (14, 9), (13, 9), (12, 9), (11, 9), (10, 9), (9, 9), (8, 9), (7, 9), (6, 9), (6, 10), (6, 11), (5, 11), (4, 11), (3, 11), (3, 10), (3, 9), (2, 9)]
2026-10-02 17:54:52,145 | INFO | Thread-1 (_run_capstone) | A* NEXT WAYPOINT robot=2 current=(17, 7) destination=(2, 9) waypoint=(16, 7) remaining_route=[(17, 7), (16, 7), (15, 7), (15, 8), (15, 9), (14, 9), (13, 9), (12, 9), (11, 9), (10, 9), (9, 9), (8, 9), (7, 9), (6, 9), (6, 10), (6, 11), (5, 11), (4, 11), (3, 11), (3, 10), (3, 9), (2, 9)]
2026-10-02 17:54:52,249 | INFO | Thread-1 (_run_capstone) | MOVE REQUEST robot=2 pos=(17, 7) target=(16, 7) conflict_robot=1 conflict_target=None
2026-10-02 17:54:52,345 | INFO | Thread-1 (_run_capstone) | SARSA_ROUTE_MATCH robot=2 action=3 target=(16, 7)
2026-10-02 17:54:52,345 | INFO | Thread-1 (_run_capstone) | EVENT | ROBOT_MOVED | {'robot_id': 2, 'position': (16, 7), 'estimated_position': (16, 7), 'observation': 1, 'battery': 95.0}
2026-10-02 17:54:52,356 | INFO | Thread-1 (_run_capstone) | EVENT | SARSA_ACTION | {'robot_id': 2, 'action': 3, 'proposed_action': 3, 'position': (16, 7), 'target': (16, 7), 'controller': 'SARSA+ASTAR_ROUTE_GUARD'}
2026-10-02 17:54:52,365 | INFO | Thread-1 (_run_capstone) | MOVE RESULT robot=2 ok=True new_pos=(16, 7) battery=95.00 target=(16, 7)
2026-10-02 17:54:52,545 | INFO | Thread-1 (_run_capstone) | ACTIVE_TASK robot=2 task=TASK-001 phase=PICKUP
2026-10-02 17:54:52,546 | INFO | Thread-1 (_run_capstone) | EVENT | ROUTE_PLANNED | {'robot_id': 2, 'destination': (2, 9), 'route_length': 21, 'planner': 'astar', 'bandit_arm': None, 'bandit_reward': None, 'value_estimate': None, 'fallback_reason': None, 'nodes_expanded': 79, 'planning_time_ms': 0.5466938018798828}
2026-10-02 17:54:52,557 | INFO | Thread-1 (_run_capstone) | A* planned robot=2 destination=(2, 9) blocked_dynamic=[(3, 4)] route=[(16, 7), (15, 7), (15, 8), (14, 8), (13, 8), (12, 8), (11, 8), (11, 9), (10, 9), (10, 10), (9, 10), (9, 11), (8, 11), (7, 11), (6, 11), (5, 11), (4, 11), (3, 11), (2, 11), (2, 10), (2, 9)]
2026-10-02 17:54:52,557 | INFO | Thread-1 (_run_capstone) | A* NEXT WAYPOINT robot=2 current=(16, 7) destination=(2, 9) waypoint=(15, 7) remaining_route=[(16, 7), (15, 7), (15, 8), (14, 8), (13, 8), (12, 8), (11, 8), (11, 9), (10, 9), (10, 10), (9, 10), (9, 11), (8, 11), (7, 11), (6, 11), (5, 11), (4, 11), (3, 11), (2, 11), (2, 10), (2, 9)]
2026-10-02 17:54:52,657 | INFO | Thread-1 (_run_capstone) | MOVE REQUEST robot=2 pos=(16, 7) target=(15, 7) conflict_robot=1 conflict_target=None
2026-10-02 17:54:52,763 | INFO | Thread-1 (_run_capstone) | SARSA_ROUTE_MATCH robot=2 action=3 target=(15, 7)
2026-10-02 17:54:52,763 | INFO | Thread-1 (_run_capstone) | EVENT | ROBOT_MOVED | {'robot_id': 2, 'position': (15, 7), 'estimated_position': (15, 7), 'observation': 2, 'battery': 94.0}
2026-10-02 17:54:52,774 | INFO | Thread-1 (_run_capstone) | EVENT | SARSA_ACTION | {'robot_id': 2, 'action': 3, 'proposed_action': 3, 'position': (15, 7), 'target': (15, 7), 'controller': 'SARSA+ASTAR_ROUTE_GUARD'}
2026-10-02 17:54:52,782 | INFO | Thread-1 (_run_capstone) | MOVE RESULT robot=2 ok=True new_pos=(15, 7) battery=94.00 target=(15, 7)
2026-10-02 17:54:52,963 | INFO | Thread-1 (_run_capstone) | ACTIVE_TASK robot=2 task=TASK-001 phase=PICKUP
2026-10-02 17:54:52,963 | INFO | Thread-1 (_run_capstone) | EVENT | ROUTE_PLANNED | {'robot_id': 2, 'destination': (2, 9), 'route_length': 20, 'planner': 'astar', 'bandit_arm': None, 'bandit_reward': None, 'value_estimate': None, 'fallback_reason': None, 'nodes_expanded': 69, 'planning_time_ms': 0.48065185546875}
2026-10-02 17:54:52,972 | INFO | Thread-1 (_run_capstone) | A* planned robot=2 destination=(2, 9) blocked_dynamic=[(3, 4)] route=[(15, 7), (15, 8), (15, 9), (14, 9), (13, 9), (12, 9), (11, 9), (11, 10), (10, 10), (9, 10), (8, 10), (7, 10), (7, 11), (6, 11), (5, 11), (4, 11), (3, 11), (3, 10), (3, 9), (2, 9)]
2026-10-02 17:54:52,972 | INFO | Thread-1 (_run_capstone) | A* NEXT WAYPOINT robot=2 current=(15, 7) destination=(2, 9) waypoint=(15, 8) remaining_route=[(15, 7), (15, 8), (15, 9), (14, 9), (13, 9), (12, 9), (11, 9), (11, 10), (10, 10), (9, 10), (8, 10), (7, 10), (7, 11), (6, 11), (5, 11), (4, 11), (3, 11), (3, 10), (3, 9), (2, 9)]
2026-10-02 17:54:53,075 | INFO | Thread-1 (_run_capstone) | MOVE REQUEST robot=2 pos=(15, 7) target=(15, 8) conflict_robot=1 conflict_target=None
2026-10-02 17:54:53,177 | INFO | Thread-1 (_run_capstone) | SARSA_ROUTE_MATCH robot=2 action=1 target=(15, 8)
2026-10-02 17:54:53,177 | INFO | Thread-1 (_run_capstone) | EVENT | ROBOT_MOVED | {'robot_id': 2, 'position': (15, 8), 'estimated_position': (15, 8), 'observation': 1, 'battery': 93.0}
2026-10-02 17:54:53,189 | INFO | Thread-1 (_run_capstone) | EVENT | SARSA_ACTION | {'robot_id': 2, 'action': 1, 'proposed_action': 1, 'position': (15, 8), 'target': (15, 8), 'controller': 'SARSA+ASTAR_ROUTE_GUARD'}
2026-10-02 17:54:53,198 | INFO | Thread-1 (_run_capstone) | MOVE RESULT robot=2 ok=True new_pos=(15, 8) battery=93.00 target=(15, 8)
2026-10-02 17:54:53,378 | INFO | Thread-1 (_run_capstone) | ACTIVE_TASK robot=2 task=TASK-001 phase=PICKUP
2026-10-02 17:54:53,379 | INFO | Thread-1 (_run_capstone) | EVENT | ROUTE_PLANNED | {'robot_id': 2, 'destination': (2, 9), 'route_length': 19, 'planner': 'astar', 'bandit_arm': None, 'bandit_reward': None, 'value_estimate': None, 'fallback_reason': None, 'nodes_expanded': 58, 'planning_time_ms': 0.4000663757324219}
2026-10-02 17:54:53,392 | INFO | Thread-1 (_run_capstone) | A* planned robot=2 destination=(2, 9) blocked_dynamic=[(3, 4)] route=[(15, 8), (15, 9), (14, 9), (13, 9), (12, 9), (11, 9), (10, 9), (9, 9), (8, 9), (7, 9), (6, 9), (5, 9), (5, 10), (5, 11), (4, 11), (3, 11), (2, 11), (2, 10), (2, 9)]
2026-10-02 17:54:53,392 | INFO | Thread-1 (_run_capstone) | A* NEXT WAYPOINT robot=2 current=(15, 8) destination=(2, 9) waypoint=(15, 9) remaining_route=[(15, 8), (15, 9), (14, 9), (13, 9), (12, 9), (11, 9), (10, 9), (9, 9), (8, 9), (7, 9), (6, 9), (5, 9), (5, 10), (5, 11), (4, 11), (3, 11), (2, 11), (2, 10), (2, 9)]
2026-10-02 17:54:53,495 | INFO | Thread-1 (_run_capstone) | MOVE REQUEST robot=2 pos=(15, 8) target=(15, 9) conflict_robot=1 conflict_target=None
2026-10-02 17:54:53,596 | INFO | Thread-1 (_run_capstone) | SARSA_ROUTE_MATCH robot=2 action=1 target=(15, 9)
2026-10-02 17:54:53,596 | INFO | Thread-1 (_run_capstone) | EVENT | ROBOT_MOVED | {'robot_id': 2, 'position': (15, 9), 'estimated_position': (15, 9), 'observation': 1, 'battery': 92.0}
2026-10-02 17:54:53,606 | INFO | Thread-1 (_run_capstone) | EVENT | SARSA_ACTION | {'robot_id': 2, 'action': 1, 'proposed_action': 1, 'position': (15, 9), 'target': (15, 9), 'controller': 'SARSA+ASTAR_ROUTE_GUARD'}
2026-10-02 17:54:53,615 | INFO | Thread-1 (_run_capstone) | MOVE RESULT robot=2 ok=True new_pos=(15, 9) battery=92.00 target=(15, 9)
2026-10-02 17:54:53,796 | INFO | Thread-1 (_run_capstone) | ACTIVE_TASK robot=2 task=TASK-001 phase=PICKUP
2026-10-02 17:54:53,796 | INFO | Thread-1 (_run_capstone) | EVENT | ROUTE_PLANNED | {'robot_id': 2, 'destination': (2, 9), 'route_length': 18, 'planner': 'astar', 'bandit_arm': None, 'bandit_reward': None, 'value_estimate': None, 'fallback_reason': None, 'nodes_expanded': 56, 'planning_time_ms': 0.3802776336669922}
2026-10-02 17:54:53,807 | INFO | Thread-1 (_run_capstone) | A* planned robot=2 destination=(2, 9) blocked_dynamic=[(3, 4)] route=[(15, 9), (14, 9), (13, 9), (12, 9), (11, 9), (10, 9), (9, 9), (8, 9), (8, 10), (7, 10), (6, 10), (5, 10), (5, 11), (4, 11), (3, 11), (3, 10), (3, 9), (2, 9)]
2026-10-02 17:54:53,807 | INFO | Thread-1 (_run_capstone) | A* NEXT WAYPOINT robot=2 current=(15, 9) destination=(2, 9) waypoint=(14, 9) remaining_route=[(15, 9), (14, 9), (13, 9), (12, 9), (11, 9), (10, 9), (9, 9), (8, 9), (8, 10), (7, 10), (6, 10), (5, 10), (5, 11), (4, 11), (3, 11), (3, 10), (3, 9), (2, 9)]
2026-10-02 17:54:53,919 | INFO | Thread-1 (_run_capstone) | MOVE REQUEST robot=2 pos=(15, 9) target=(14, 9) conflict_robot=1 conflict_target=None
2026-10-02 17:54:54,020 | INFO | Thread-1 (_run_capstone) | SARSA_ROUTE_MATCH robot=2 action=3 target=(14, 9)
2026-10-02 17:54:54,021 | INFO | Thread-1 (_run_capstone) | EVENT | ROBOT_MOVED | {'robot_id': 2, 'position': (14, 9), 'estimated_position': (14, 9), 'observation': 0, 'battery': 91.0}
2026-10-02 17:54:54,032 | INFO | Thread-1 (_run_capstone) | EVENT | SARSA_ACTION | {'robot_id': 2, 'action': 3, 'proposed_action': 3, 'position': (14, 9), 'target': (14, 9), 'controller': 'SARSA+ASTAR_ROUTE_GUARD'}
2026-10-02 17:54:54,039 | INFO | Thread-1 (_run_capstone) | MOVE RESULT robot=2 ok=True new_pos=(14, 9) battery=91.00 target=(14, 9)
2026-10-02 17:54:54,219 | INFO | Thread-1 (_run_capstone) | ACTIVE_TASK robot=2 task=TASK-001 phase=PICKUP
2026-10-02 17:54:54,220 | INFO | Thread-1 (_run_capstone) | EVENT | ROUTE_PLANNED | {'robot_id': 2, 'destination': (2, 9), 'route_length': 17, 'planner': 'astar', 'bandit_arm': None, 'bandit_reward': None, 'value_estimate': None, 'fallback_reason': None, 'nodes_expanded': 58, 'planning_time_ms': 0.3383159637451172}
2026-10-02 17:54:54,230 | INFO | Thread-1 (_run_capstone) | A* planned robot=2 destination=(2, 9) blocked_dynamic=[(3, 4)] route=[(14, 9), (13, 9), (12, 9), (11, 9), (10, 9), (10, 10), (9, 10), (9, 11), (8, 11), (7, 11), (6, 11), (5, 11), (4, 11), (3, 11), (3, 10), (3, 9), (2, 9)]
2026-10-02 17:54:54,230 | INFO | Thread-1 (_run_capstone) | A* NEXT WAYPOINT robot=2 current=(14, 9) destination=(2, 9) waypoint=(13, 9) remaining_route=[(14, 9), (13, 9), (12, 9), (11, 9), (10, 9), (10, 10), (9, 10), (9, 11), (8, 11), (7, 11), (6, 11), (5, 11), (4, 11), (3, 11), (3, 10), (3, 9), (2, 9)]
2026-10-02 17:54:54,333 | INFO | Thread-1 (_run_capstone) | MOVE REQUEST robot=2 pos=(14, 9) target=(13, 9) conflict_robot=1 conflict_target=None
2026-10-02 17:54:54,443 | INFO | Thread-1 (_run_capstone) | SARSA_ROUTE_MATCH robot=2 action=3 target=(13, 9)
2026-10-02 17:54:54,443 | INFO | Thread-1 (_run_capstone) | EVENT | ROBOT_MOVED | {'robot_id': 2, 'position': (13, 9), 'estimated_position': (13, 9), 'observation': 0, 'battery': 90.0}
2026-10-02 17:54:54,454 | INFO | Thread-1 (_run_capstone) | EVENT | SARSA_ACTION | {'robot_id': 2, 'action': 3, 'proposed_action': 3, 'position': (13, 9), 'target': (13, 9), 'controller': 'SARSA+ASTAR_ROUTE_GUARD'}
2026-10-02 17:54:54,462 | INFO | Thread-1 (_run_capstone) | MOVE RESULT robot=2 ok=True new_pos=(13, 9) battery=90.00 target=(13, 9)
2026-10-02 17:54:54,643 | INFO | Thread-1 (_run_capstone) | ACTIVE_TASK robot=2 task=TASK-001 phase=PICKUP
2026-10-02 17:54:54,643 | INFO | Thread-1 (_run_capstone) | EVENT | ROUTE_PLANNED | {'robot_id': 2, 'destination': (2, 9), 'route_length': 16, 'planner': 'astar', 'bandit_arm': None, 'bandit_reward': None, 'value_estimate': None, 'fallback_reason': None, 'nodes_expanded': 53, 'planning_time_ms': 0.19073486328125}
2026-10-02 17:54:54,654 | INFO | Thread-1 (_run_capstone) | A* planned robot=2 destination=(2, 9) blocked_dynamic=[(3, 4)] route=[(13, 9), (12, 9), (11, 9), (10, 9), (9, 9), (8, 9), (7, 9), (7, 10), (6, 10), (6, 11), (5, 11), (4, 11), (3, 11), (3, 10), (3, 9), (2, 9)]
2026-10-02 17:54:54,654 | INFO | Thread-1 (_run_capstone) | A* NEXT WAYPOINT robot=2 current=(13, 9) destination=(2, 9) waypoint=(12, 9) remaining_route=[(13, 9), (12, 9), (11, 9), (10, 9), (9, 9), (8, 9), (7, 9), (7, 10), (6, 10), (6, 11), (5, 11), (4, 11), (3, 11), (3, 10), (3, 9), (2, 9)]
2026-10-02 17:54:54,763 | INFO | Thread-1 (_run_capstone) | MOVE REQUEST robot=2 pos=(13, 9) target=(12, 9) conflict_robot=1 conflict_target=None
2026-10-02 17:54:54,869 | INFO | Thread-1 (_run_capstone) | SARSA_ROUTE_MATCH robot=2 action=3 target=(12, 9)
2026-10-02 17:54:54,869 | INFO | Thread-1 (_run_capstone) | EVENT | ROBOT_MOVED | {'robot_id': 2, 'position': (12, 9), 'estimated_position': (12, 9), 'observation': 0, 'battery': 89.0}
2026-10-02 17:54:54,877 | INFO | Thread-1 (_run_capstone) | EVENT | SARSA_ACTION | {'robot_id': 2, 'action': 3, 'proposed_action': 3, 'position': (12, 9), 'target': (12, 9), 'controller': 'SARSA+ASTAR_ROUTE_GUARD'}
2026-10-02 17:54:54,885 | INFO | Thread-1 (_run_capstone) | MOVE RESULT robot=2 ok=True new_pos=(12, 9) battery=89.00 target=(12, 9)
2026-10-02 17:54:55,066 | INFO | Thread-1 (_run_capstone) | ACTIVE_TASK robot=2 task=TASK-001 phase=PICKUP
2026-10-02 17:54:55,066 | INFO | Thread-1 (_run_capstone) | EVENT | ROUTE_PLANNED | {'robot_id': 2, 'destination': (2, 9), 'route_length': 15, 'planner': 'astar', 'bandit_arm': None, 'bandit_reward': None, 'value_estimate': None, 'fallback_reason': None, 'nodes_expanded': 45, 'planning_time_ms': 0.2434253692626953}
2026-10-02 17:54:55,077 | INFO | Thread-1 (_run_capstone) | A* planned robot=2 destination=(2, 9) blocked_dynamic=[(3, 4)] route=[(12, 9), (11, 9), (10, 9), (9, 9), (8, 9), (7, 9), (6, 9), (6, 10), (5, 10), (5, 11), (4, 11), (3, 11), (2, 11), (2, 10), (2, 9)]
2026-10-02 17:54:55,077 | INFO | Thread-1 (_run_capstone) | A* NEXT WAYPOINT robot=2 current=(12, 9) destination=(2, 9) waypoint=(11, 9) remaining_route=[(12, 9), (11, 9), (10, 9), (9, 9), (8, 9), (7, 9), (6, 9), (6, 10), (5, 10), (5, 11), (4, 11), (3, 11), (2, 11), (2, 10), (2, 9)]
2026-10-02 17:54:55,174 | INFO | Thread-1 (_run_capstone) | MOVE REQUEST robot=2 pos=(12, 9) target=(11, 9) conflict_robot=1 conflict_target=None
2026-10-02 17:54:55,279 | INFO | Thread-1 (_run_capstone) | SARSA_ROUTE_MATCH robot=2 action=3 target=(11, 9)
2026-10-02 17:54:55,279 | INFO | Thread-1 (_run_capstone) | EVENT | ROBOT_MOVED | {'robot_id': 2, 'position': (11, 9), 'estimated_position': (11, 9), 'observation': 0, 'battery': 88.0}
2026-10-02 17:54:55,291 | INFO | Thread-1 (_run_capstone) | EVENT | SARSA_ACTION | {'robot_id': 2, 'action': 3, 'proposed_action': 3, 'position': (11, 9), 'target': (11, 9), 'controller': 'SARSA+ASTAR_ROUTE_GUARD'}
2026-10-02 17:54:55,299 | INFO | Thread-1 (_run_capstone) | MOVE RESULT robot=2 ok=True new_pos=(11, 9) battery=88.00 target=(11, 9)
2026-10-02 17:54:55,479 | INFO | Thread-1 (_run_capstone) | ACTIVE_TASK robot=2 task=TASK-001 phase=PICKUP
2026-10-02 17:54:55,479 | INFO | Thread-1 (_run_capstone) | EVENT | ROUTE_PLANNED | {'robot_id': 2, 'destination': (2, 9), 'route_length': 14, 'planner': 'astar', 'bandit_arm': None, 'bandit_reward': None, 'value_estimate': None, 'fallback_reason': None, 'nodes_expanded': 42, 'planning_time_ms': 0.18167495727539062}
2026-10-02 17:54:55,489 | INFO | Thread-1 (_run_capstone) | A* planned robot=2 destination=(2, 9) blocked_dynamic=[(3, 4)] route=[(11, 9), (10, 9), (9, 9), (8, 9), (7, 9), (6, 9), (6, 10), (6, 11), (5, 11), (4, 11), (3, 11), (3, 10), (3, 9), (2, 9)]
2026-10-02 17:54:55,490 | INFO | Thread-1 (_run_capstone) | A* NEXT WAYPOINT robot=2 current=(11, 9) destination=(2, 9) waypoint=(10, 9) remaining_route=[(11, 9), (10, 9), (9, 9), (8, 9), (7, 9), (6, 9), (6, 10), (6, 11), (5, 11), (4, 11), (3, 11), (3, 10), (3, 9), (2, 9)]
2026-10-02 17:54:55,591 | INFO | Thread-1 (_run_capstone) | MOVE REQUEST robot=2 pos=(11, 9) target=(10, 9) conflict_robot=1 conflict_target=None
2026-10-02 17:54:55,690 | INFO | Thread-1 (_run_capstone) | SARSA_ROUTE_MATCH robot=2 action=3 target=(10, 9)
2026-10-02 17:54:55,690 | INFO | Thread-1 (_run_capstone) | EVENT | ROBOT_MOVED | {'robot_id': 2, 'position': (10, 9), 'estimated_position': (10, 9), 'observation': 0, 'battery': 87.0}
2026-10-02 17:54:55,700 | INFO | Thread-1 (_run_capstone) | EVENT | SARSA_ACTION | {'robot_id': 2, 'action': 3, 'proposed_action': 3, 'position': (10, 9), 'target': (10, 9), 'controller': 'SARSA+ASTAR_ROUTE_GUARD'}
2026-10-02 17:54:55,707 | INFO | Thread-1 (_run_capstone) | MOVE RESULT robot=2 ok=True new_pos=(10, 9) battery=87.00 target=(10, 9)
2026-10-02 17:54:55,888 | INFO | Thread-1 (_run_capstone) | ACTIVE_TASK robot=2 task=TASK-001 phase=PICKUP
2026-10-02 17:54:55,888 | INFO | Thread-1 (_run_capstone) | EVENT | ROUTE_PLANNED | {'robot_id': 2, 'destination': (2, 9), 'route_length': 13, 'planner': 'astar', 'bandit_arm': None, 'bandit_reward': None, 'value_estimate': None, 'fallback_reason': None, 'nodes_expanded': 39, 'planning_time_ms': 0.2856254577636719}
2026-10-02 17:54:55,899 | INFO | Thread-1 (_run_capstone) | A* planned robot=2 destination=(2, 9) blocked_dynamic=[(3, 4)] route=[(10, 9), (9, 9), (8, 9), (7, 9), (6, 9), (5, 9), (5, 10), (5, 11), (4, 11), (3, 11), (3, 10), (2, 10), (2, 9)]
2026-10-02 17:54:55,899 | INFO | Thread-1 (_run_capstone) | A* NEXT WAYPOINT robot=2 current=(10, 9) destination=(2, 9) waypoint=(9, 9) remaining_route=[(10, 9), (9, 9), (8, 9), (7, 9), (6, 9), (5, 9), (5, 10), (5, 11), (4, 11), (3, 11), (3, 10), (2, 10), (2, 9)]
2026-10-02 17:54:56,009 | INFO | Thread-1 (_run_capstone) | MOVE REQUEST robot=2 pos=(10, 9) target=(9, 9) conflict_robot=1 conflict_target=None
2026-10-02 17:54:56,108 | INFO | Thread-1 (_run_capstone) | SARSA_ROUTE_MATCH robot=2 action=3 target=(9, 9)
2026-10-02 17:54:56,108 | INFO | Thread-1 (_run_capstone) | EVENT | ROBOT_MOVED | {'robot_id': 2, 'position': (9, 9), 'estimated_position': (9, 9), 'observation': 0, 'battery': 86.0}
2026-10-02 17:54:56,118 | INFO | Thread-1 (_run_capstone) | EVENT | SARSA_ACTION | {'robot_id': 2, 'action': 3, 'proposed_action': 3, 'position': (9, 9), 'target': (9, 9), 'controller': 'SARSA+ASTAR_ROUTE_GUARD'}
2026-10-02 17:54:56,126 | INFO | Thread-1 (_run_capstone) | MOVE RESULT robot=2 ok=True new_pos=(9, 9) battery=86.00 target=(9, 9)
2026-10-02 17:54:56,306 | INFO | Thread-1 (_run_capstone) | ACTIVE_TASK robot=2 task=TASK-001 phase=PICKUP
2026-10-02 17:54:56,307 | INFO | Thread-1 (_run_capstone) | EVENT | ROUTE_PLANNED | {'robot_id': 2, 'destination': (2, 9), 'route_length': 12, 'planner': 'astar', 'bandit_arm': None, 'bandit_reward': None, 'value_estimate': None, 'fallback_reason': None, 'nodes_expanded': 33, 'planning_time_ms': 0.25844573974609375}
2026-10-02 17:54:56,324 | INFO | Thread-1 (_run_capstone) | A* planned robot=2 destination=(2, 9) blocked_dynamic=[(3, 4)] route=[(9, 9), (8, 9), (7, 9), (6, 9), (5, 9), (5, 10), (5, 11), (4, 11), (3, 11), (3, 10), (3, 9), (2, 9)]
2026-10-02 17:54:56,324 | INFO | Thread-1 (_run_capstone) | A* NEXT WAYPOINT robot=2 current=(9, 9) destination=(2, 9) waypoint=(8, 9) remaining_route=[(9, 9), (8, 9), (7, 9), (6, 9), (5, 9), (5, 10), (5, 11), (4, 11), (3, 11), (3, 10), (3, 9), (2, 9)]
2026-10-02 17:54:56,422 | INFO | Thread-1 (_run_capstone) | MOVE REQUEST robot=2 pos=(9, 9) target=(8, 9) conflict_robot=1 conflict_target=None
2026-10-02 17:54:56,526 | INFO | Thread-1 (_run_capstone) | SARSA_ROUTE_MATCH robot=2 action=3 target=(8, 9)
2026-10-02 17:54:56,527 | INFO | Thread-1 (_run_capstone) | EVENT | ROBOT_MOVED | {'robot_id': 2, 'position': (8, 9), 'estimated_position': (8, 9), 'observation': 0, 'battery': 85.0}
2026-10-02 17:54:56,538 | INFO | Thread-1 (_run_capstone) | EVENT | SARSA_ACTION | {'robot_id': 2, 'action': 3, 'proposed_action': 3, 'position': (8, 9), 'target': (8, 9), 'controller': 'SARSA+ASTAR_ROUTE_GUARD'}
2026-10-02 17:54:56,547 | INFO | Thread-1 (_run_capstone) | MOVE RESULT robot=2 ok=True new_pos=(8, 9) battery=85.00 target=(8, 9)
2026-10-02 17:54:56,727 | INFO | Thread-1 (_run_capstone) | ACTIVE_TASK robot=2 task=TASK-001 phase=PICKUP
2026-10-02 17:54:56,728 | INFO | Thread-1 (_run_capstone) | EVENT | ROUTE_PLANNED | {'robot_id': 2, 'destination': (2, 9), 'route_length': 11, 'planner': 'astar', 'bandit_arm': None, 'bandit_reward': None, 'value_estimate': None, 'fallback_reason': None, 'nodes_expanded': 30, 'planning_time_ms': 0.2105236053466797}
2026-10-02 17:54:56,739 | INFO | Thread-1 (_run_capstone) | A* planned robot=2 destination=(2, 9) blocked_dynamic=[(3, 4)] route=[(8, 9), (7, 9), (7, 10), (7, 11), (6, 11), (5, 11), (4, 11), (3, 11), (3, 10), (3, 9), (2, 9)]
2026-10-02 17:54:56,739 | INFO | Thread-1 (_run_capstone) | A* NEXT WAYPOINT robot=2 current=(8, 9) destination=(2, 9) waypoint=(7, 9) remaining_route=[(8, 9), (7, 9), (7, 10), (7, 11), (6, 11), (5, 11), (4, 11), (3, 11), (3, 10), (3, 9), (2, 9)]
2026-10-02 17:54:56,846 | INFO | Thread-1 (_run_capstone) | MOVE REQUEST robot=2 pos=(8, 9) target=(7, 9) conflict_robot=1 conflict_target=None
2026-10-02 17:54:56,947 | INFO | Thread-1 (_run_capstone) | SARSA_ROUTE_MATCH robot=2 action=3 target=(7, 9)
2026-10-02 17:54:56,948 | INFO | Thread-1 (_run_capstone) | EVENT | ROBOT_MOVED | {'robot_id': 2, 'position': (7, 9), 'estimated_position': (7, 9), 'observation': 0, 'battery': 84.0}
2026-10-02 17:54:56,956 | INFO | Thread-1 (_run_capstone) | EVENT | SARSA_ACTION | {'robot_id': 2, 'action': 3, 'proposed_action': 3, 'position': (7, 9), 'target': (7, 9), 'controller': 'SARSA+ASTAR_ROUTE_GUARD'}
2026-10-02 17:54:56,963 | INFO | Thread-1 (_run_capstone) | MOVE RESULT robot=2 ok=True new_pos=(7, 9) battery=84.00 target=(7, 9)
2026-10-02 17:54:57,143 | INFO | Thread-1 (_run_capstone) | ACTIVE_TASK robot=2 task=TASK-001 phase=PICKUP
2026-10-02 17:54:57,144 | INFO | Thread-1 (_run_capstone) | EVENT | ROUTE_PLANNED | {'robot_id': 2, 'destination': (2, 9), 'route_length': 10, 'planner': 'astar', 'bandit_arm': None, 'bandit_reward': None, 'value_estimate': None, 'fallback_reason': None, 'nodes_expanded': 22, 'planning_time_ms': 0.16164779663085938}
2026-10-02 17:54:57,153 | INFO | Thread-1 (_run_capstone) | A* planned robot=2 destination=(2, 9) blocked_dynamic=[(3, 4)] route=[(7, 9), (7, 10), (6, 10), (6, 11), (5, 11), (4, 11), (3, 11), (3, 10), (3, 9), (2, 9)]
2026-10-02 17:54:57,153 | INFO | Thread-1 (_run_capstone) | A* NEXT WAYPOINT robot=2 current=(7, 9) destination=(2, 9) waypoint=(7, 10) remaining_route=[(7, 9), (7, 10), (6, 10), (6, 11), (5, 11), (4, 11), (3, 11), (3, 10), (3, 9), (2, 9)]
2026-10-02 17:54:57,253 | INFO | Thread-1 (_run_capstone) | MOVE REQUEST robot=2 pos=(7, 9) target=(7, 10) conflict_robot=1 conflict_target=None
2026-10-02 17:54:57,355 | INFO | Thread-1 (_run_capstone) | SARSA_ROUTE_MATCH robot=2 action=1 target=(7, 10)
2026-10-02 17:54:57,356 | INFO | Thread-1 (_run_capstone) | EVENT | ROBOT_MOVED | {'robot_id': 2, 'position': (7, 10), 'estimated_position': (7, 10), 'observation': 0, 'battery': 83.0}
2026-10-02 17:54:57,365 | INFO | Thread-1 (_run_capstone) | EVENT | SARSA_ACTION | {'robot_id': 2, 'action': 1, 'proposed_action': 1, 'position': (7, 10), 'target': (7, 10), 'controller': 'SARSA+ASTAR_ROUTE_GUARD'}
2026-10-02 17:54:57,374 | INFO | Thread-1 (_run_capstone) | MOVE RESULT robot=2 ok=True new_pos=(7, 10) battery=83.00 target=(7, 10)
2026-10-02 17:54:57,554 | INFO | Thread-1 (_run_capstone) | ACTIVE_TASK robot=2 task=TASK-001 phase=PICKUP
2026-10-02 17:54:57,554 | INFO | Thread-1 (_run_capstone) | EVENT | ROUTE_PLANNED | {'robot_id': 2, 'destination': (2, 9), 'route_length': 9, 'planner': 'astar', 'bandit_arm': None, 'bandit_reward': None, 'value_estimate': None, 'fallback_reason': None, 'nodes_expanded': 20, 'planning_time_ms': 0.13256072998046875}
2026-10-02 17:54:57,567 | INFO | Thread-1 (_run_capstone) | A* planned robot=2 destination=(2, 9) blocked_dynamic=[(3, 4)] route=[(7, 10), (6, 10), (5, 10), (5, 11), (4, 11), (3, 11), (3, 10), (3, 9), (2, 9)]
2026-10-02 17:54:57,567 | INFO | Thread-1 (_run_capstone) | A* NEXT WAYPOINT robot=2 current=(7, 10) destination=(2, 9) waypoint=(6, 10) remaining_route=[(7, 10), (6, 10), (5, 10), (5, 11), (4, 11), (3, 11), (3, 10), (3, 9), (2, 9)]
2026-10-02 17:54:57,663 | INFO | Thread-1 (_run_capstone) | MOVE REQUEST robot=2 pos=(7, 10) target=(6, 10) conflict_robot=1 conflict_target=None
2026-10-02 17:54:57,769 | INFO | Thread-1 (_run_capstone) | SARSA_ROUTE_MATCH robot=2 action=3 target=(6, 10)
2026-10-02 17:54:57,769 | INFO | Thread-1 (_run_capstone) | EVENT | ROBOT_MOVED | {'robot_id': 2, 'position': (6, 10), 'estimated_position': (7, 9), 'observation': 0, 'battery': 82.0}
2026-10-02 17:54:57,782 | INFO | Thread-1 (_run_capstone) | EVENT | SARSA_ACTION | {'robot_id': 2, 'action': 3, 'proposed_action': 3, 'position': (6, 10), 'target': (6, 10), 'controller': 'SARSA+ASTAR_ROUTE_GUARD'}
2026-10-02 17:54:57,789 | INFO | Thread-1 (_run_capstone) | MOVE RESULT robot=2 ok=True new_pos=(6, 10) battery=82.00 target=(6, 10)
2026-10-02 17:54:57,970 | INFO | Thread-1 (_run_capstone) | ACTIVE_TASK robot=2 task=TASK-001 phase=PICKUP
2026-10-02 17:54:57,970 | INFO | Thread-1 (_run_capstone) | EVENT | ROUTE_PLANNED | {'robot_id': 2, 'destination': (2, 9), 'route_length': 8, 'planner': 'astar', 'bandit_arm': None, 'bandit_reward': None, 'value_estimate': None, 'fallback_reason': None, 'nodes_expanded': 16, 'planning_time_ms': 0.07343292236328125}
2026-10-02 17:54:57,977 | INFO | Thread-1 (_run_capstone) | A* planned robot=2 destination=(2, 9) blocked_dynamic=[(3, 4)] route=[(6, 10), (5, 10), (5, 11), (4, 11), (3, 11), (3, 10), (3, 9), (2, 9)]
2026-10-02 17:54:57,977 | INFO | Thread-1 (_run_capstone) | A* NEXT WAYPOINT robot=2 current=(6, 10) destination=(2, 9) waypoint=(5, 10) remaining_route=[(6, 10), (5, 10), (5, 11), (4, 11), (3, 11), (3, 10), (3, 9), (2, 9)]
2026-10-02 17:54:58,081 | INFO | Thread-1 (_run_capstone) | MOVE REQUEST robot=2 pos=(6, 10) target=(5, 10) conflict_robot=1 conflict_target=None
2026-10-02 17:54:58,176 | INFO | Thread-1 (_run_capstone) | SARSA_ROUTE_MATCH robot=2 action=3 target=(5, 10)
2026-10-02 17:54:58,176 | INFO | Thread-1 (_run_capstone) | EVENT | ROBOT_MOVED | {'robot_id': 2, 'position': (5, 10), 'estimated_position': (5, 10), 'observation': 1, 'battery': 81.0}
2026-10-02 17:54:58,187 | INFO | Thread-1 (_run_capstone) | EVENT | SARSA_ACTION | {'robot_id': 2, 'action': 3, 'proposed_action': 3, 'position': (5, 10), 'target': (5, 10), 'controller': 'SARSA+ASTAR_ROUTE_GUARD'}
2026-10-02 17:54:58,197 | INFO | Thread-1 (_run_capstone) | MOVE RESULT robot=2 ok=True new_pos=(5, 10) battery=81.00 target=(5, 10)
2026-10-02 17:54:58,378 | INFO | Thread-1 (_run_capstone) | ACTIVE_TASK robot=2 task=TASK-001 phase=PICKUP
2026-10-02 17:54:58,378 | INFO | Thread-1 (_run_capstone) | EVENT | ROUTE_PLANNED | {'robot_id': 2, 'destination': (2, 9), 'route_length': 7, 'planner': 'astar', 'bandit_arm': None, 'bandit_reward': None, 'value_estimate': None, 'fallback_reason': None, 'nodes_expanded': 12, 'planning_time_ms': 0.10776519775390625}
2026-10-02 17:54:58,393 | INFO | Thread-1 (_run_capstone) | A* planned robot=2 destination=(2, 9) blocked_dynamic=[(3, 4)] route=[(5, 10), (5, 11), (4, 11), (3, 11), (3, 10), (3, 9), (2, 9)]
2026-10-02 17:54:58,394 | INFO | Thread-1 (_run_capstone) | A* NEXT WAYPOINT robot=2 current=(5, 10) destination=(2, 9) waypoint=(5, 11) remaining_route=[(5, 10), (5, 11), (4, 11), (3, 11), (3, 10), (3, 9), (2, 9)]
2026-10-02 17:54:58,489 | INFO | Thread-1 (_run_capstone) | MOVE REQUEST robot=2 pos=(5, 10) target=(5, 11) conflict_robot=1 conflict_target=None
2026-10-02 17:54:58,587 | INFO | Thread-1 (_run_capstone) | SARSA_ROUTE_MATCH robot=2 action=1 target=(5, 11)
2026-10-02 17:54:58,587 | INFO | Thread-1 (_run_capstone) | EVENT | ROBOT_MOVED | {'robot_id': 2, 'position': (5, 11), 'estimated_position': (5, 11), 'observation': 1, 'battery': 80.0}
2026-10-02 17:54:58,598 | INFO | Thread-1 (_run_capstone) | EVENT | SARSA_ACTION | {'robot_id': 2, 'action': 1, 'proposed_action': 1, 'position': (5, 11), 'target': (5, 11), 'controller': 'SARSA+ASTAR_ROUTE_GUARD'}
2026-10-02 17:54:58,606 | INFO | Thread-1 (_run_capstone) | MOVE RESULT robot=2 ok=True new_pos=(5, 11) battery=80.00 target=(5, 11)
2026-10-02 17:54:58,787 | INFO | Thread-1 (_run_capstone) | ACTIVE_TASK robot=2 task=TASK-001 phase=PICKUP
2026-10-02 17:54:58,787 | INFO | Thread-1 (_run_capstone) | EVENT | ROUTE_PLANNED | {'robot_id': 2, 'destination': (2, 9), 'route_length': 6, 'planner': 'astar', 'bandit_arm': None, 'bandit_reward': None, 'value_estimate': None, 'fallback_reason': None, 'nodes_expanded': 9, 'planning_time_ms': 0.05507469177246094}
2026-10-02 17:54:58,797 | INFO | Thread-1 (_run_capstone) | A* planned robot=2 destination=(2, 9) blocked_dynamic=[(3, 4)] route=[(5, 11), (4, 11), (3, 11), (3, 10), (3, 9), (2, 9)]
2026-10-02 17:54:58,797 | INFO | Thread-1 (_run_capstone) | A* NEXT WAYPOINT robot=2 current=(5, 11) destination=(2, 9) waypoint=(4, 11) remaining_route=[(5, 11), (4, 11), (3, 11), (3, 10), (3, 9), (2, 9)]
2026-10-02 17:54:58,894 | INFO | Thread-1 (_run_capstone) | MOVE REQUEST robot=2 pos=(5, 11) target=(4, 11) conflict_robot=1 conflict_target=None
2026-10-02 17:54:58,991 | INFO | Thread-1 (_run_capstone) | SARSA_ROUTE_MATCH robot=2 action=3 target=(4, 11)
2026-10-02 17:54:58,991 | INFO | Thread-1 (_run_capstone) | EVENT | ROBOT_MOVED | {'robot_id': 2, 'position': (4, 11), 'estimated_position': (4, 11), 'observation': 2, 'battery': 79.0}
2026-10-02 17:54:59,003 | INFO | Thread-1 (_run_capstone) | EVENT | SARSA_ACTION | {'robot_id': 2, 'action': 3, 'proposed_action': 3, 'position': (4, 11), 'target': (4, 11), 'controller': 'SARSA+ASTAR_ROUTE_GUARD'}
2026-10-02 17:54:59,012 | INFO | Thread-1 (_run_capstone) | MOVE RESULT robot=2 ok=True new_pos=(4, 11) battery=79.00 target=(4, 11)
2026-10-02 17:54:59,193 | INFO | Thread-1 (_run_capstone) | ACTIVE_TASK robot=2 task=TASK-001 phase=PICKUP
2026-10-02 17:54:59,193 | INFO | Thread-1 (_run_capstone) | EVENT | ROUTE_PLANNED | {'robot_id': 2, 'destination': (2, 9), 'route_length': 5, 'planner': 'astar', 'bandit_arm': None, 'bandit_reward': None, 'value_estimate': None, 'fallback_reason': None, 'nodes_expanded': 6, 'planning_time_ms': 0.06461143493652344}
2026-10-02 17:54:59,203 | INFO | Thread-1 (_run_capstone) | A* planned robot=2 destination=(2, 9) blocked_dynamic=[(3, 4)] route=[(4, 11), (3, 11), (3, 10), (3, 9), (2, 9)]
2026-10-02 17:54:59,203 | INFO | Thread-1 (_run_capstone) | A* NEXT WAYPOINT robot=2 current=(4, 11) destination=(2, 9) waypoint=(3, 11) remaining_route=[(4, 11), (3, 11), (3, 10), (3, 9), (2, 9)]
2026-10-02 17:54:59,305 | INFO | Thread-1 (_run_capstone) | MOVE REQUEST robot=2 pos=(4, 11) target=(3, 11) conflict_robot=1 conflict_target=None
2026-10-02 17:54:59,404 | INFO | Thread-1 (_run_capstone) | SARSA_ROUTE_MATCH robot=2 action=3 target=(3, 11)
2026-10-02 17:54:59,404 | INFO | Thread-1 (_run_capstone) | EVENT | ROBOT_MOVED | {'robot_id': 2, 'position': (3, 11), 'estimated_position': (3, 11), 'observation': 4, 'battery': 78.0}
2026-10-02 17:54:59,412 | INFO | Thread-1 (_run_capstone) | EVENT | SARSA_ACTION | {'robot_id': 2, 'action': 3, 'proposed_action': 3, 'position': (3, 11), 'target': (3, 11), 'controller': 'SARSA+ASTAR_ROUTE_GUARD'}
2026-10-02 17:54:59,419 | INFO | Thread-1 (_run_capstone) | MOVE RESULT robot=2 ok=True new_pos=(3, 11) battery=78.00 target=(3, 11)
2026-10-02 17:54:59,600 | INFO | Thread-1 (_run_capstone) | ACTIVE_TASK robot=2 task=TASK-001 phase=PICKUP
2026-10-02 17:54:59,600 | INFO | Thread-1 (_run_capstone) | EVENT | ROUTE_PLANNED | {'robot_id': 2, 'destination': (2, 9), 'route_length': 4, 'planner': 'astar', 'bandit_arm': None, 'bandit_reward': None, 'value_estimate': None, 'fallback_reason': None, 'nodes_expanded': 5, 'planning_time_ms': 0.05245208740234375}
2026-10-02 17:54:59,615 | INFO | Thread-1 (_run_capstone) | A* planned robot=2 destination=(2, 9) blocked_dynamic=[(3, 4)] route=[(3, 11), (3, 10), (3, 9), (2, 9)]
2026-10-02 17:54:59,615 | INFO | Thread-1 (_run_capstone) | A* NEXT WAYPOINT robot=2 current=(3, 11) destination=(2, 9) waypoint=(3, 10) remaining_route=[(3, 11), (3, 10), (3, 9), (2, 9)]
2026-10-02 17:54:59,716 | INFO | Thread-1 (_run_capstone) | MOVE REQUEST robot=2 pos=(3, 11) target=(3, 10) conflict_robot=1 conflict_target=None
2026-10-02 17:54:59,810 | INFO | Thread-1 (_run_capstone) | SARSA_ROUTE_MATCH robot=2 action=0 target=(3, 10)
2026-10-02 17:54:59,811 | INFO | Thread-1 (_run_capstone) | EVENT | ROBOT_MOVED | {'robot_id': 2, 'position': (3, 10), 'estimated_position': (4, 11), 'observation': 2, 'battery': 77.0}
2026-10-02 17:54:59,821 | INFO | Thread-1 (_run_capstone) | EVENT | SARSA_ACTION | {'robot_id': 2, 'action': 0, 'proposed_action': 0, 'position': (3, 10), 'target': (3, 10), 'controller': 'SARSA+ASTAR_ROUTE_GUARD'}
2026-10-02 17:54:59,830 | INFO | Thread-1 (_run_capstone) | MOVE RESULT robot=2 ok=True new_pos=(3, 10) battery=77.00 target=(3, 10)
2026-10-02 17:55:00,010 | INFO | Thread-1 (_run_capstone) | ACTIVE_TASK robot=2 task=TASK-001 phase=PICKUP
2026-10-02 17:55:00,010 | INFO | Thread-1 (_run_capstone) | EVENT | ROUTE_PLANNED | {'robot_id': 2, 'destination': (2, 9), 'route_length': 3, 'planner': 'astar', 'bandit_arm': None, 'bandit_reward': None, 'value_estimate': None, 'fallback_reason': None, 'nodes_expanded': 3, 'planning_time_ms': 0.04601478576660156}
2026-10-02 17:55:00,025 | INFO | Thread-1 (_run_capstone) | A* planned robot=2 destination=(2, 9) blocked_dynamic=[(3, 4)] route=[(3, 10), (3, 9), (2, 9)]
2026-10-02 17:55:00,025 | INFO | Thread-1 (_run_capstone) | A* NEXT WAYPOINT robot=2 current=(3, 10) destination=(2, 9) waypoint=(3, 9) remaining_route=[(3, 10), (3, 9), (2, 9)]
2026-10-02 17:55:00,123 | INFO | Thread-1 (_run_capstone) | MOVE REQUEST robot=2 pos=(3, 10) target=(3, 9) conflict_robot=1 conflict_target=None
2026-10-02 17:55:00,216 | INFO | Thread-1 (_run_capstone) | SARSA_ROUTE_MATCH robot=2 action=0 target=(3, 9)
2026-10-02 17:55:00,216 | INFO | Thread-1 (_run_capstone) | EVENT | ROBOT_MOVED | {'robot_id': 2, 'position': (3, 9), 'estimated_position': (3, 9), 'observation': 1, 'battery': 76.0}
2026-10-02 17:55:00,228 | INFO | Thread-1 (_run_capstone) | EVENT | SARSA_ACTION | {'robot_id': 2, 'action': 0, 'proposed_action': 0, 'position': (3, 9), 'target': (3, 9), 'controller': 'SARSA+ASTAR_ROUTE_GUARD'}
2026-10-02 17:55:00,236 | INFO | Thread-1 (_run_capstone) | MOVE RESULT robot=2 ok=True new_pos=(3, 9) battery=76.00 target=(3, 9)
2026-10-02 17:55:00,416 | INFO | Thread-1 (_run_capstone) | ACTIVE_TASK robot=2 task=TASK-001 phase=PICKUP
2026-10-02 17:55:00,416 | INFO | Thread-1 (_run_capstone) | EVENT | ROUTE_PLANNED | {'robot_id': 2, 'destination': (2, 9), 'route_length': 2, 'planner': 'astar', 'bandit_arm': None, 'bandit_reward': None, 'value_estimate': None, 'fallback_reason': None, 'nodes_expanded': 1, 'planning_time_ms': 0.021457672119140625}
2026-10-02 17:55:00,426 | INFO | Thread-1 (_run_capstone) | A* planned robot=2 destination=(2, 9) blocked_dynamic=[(3, 4)] route=[(3, 9), (2, 9)]
2026-10-02 17:55:00,426 | INFO | Thread-1 (_run_capstone) | A* NEXT WAYPOINT robot=2 current=(3, 9) destination=(2, 9) waypoint=(2, 9) remaining_route=[(3, 9), (2, 9)]
2026-10-02 17:55:00,521 | INFO | Thread-1 (_run_capstone) | MOVE REQUEST robot=2 pos=(3, 9) target=(2, 9) conflict_robot=1 conflict_target=None
2026-10-02 17:55:00,612 | INFO | Thread-1 (_run_capstone) | SARSA_ROUTE_MATCH robot=2 action=3 target=(2, 9)
2026-10-02 17:55:00,613 | INFO | Thread-1 (_run_capstone) | EVENT | ROBOT_MOVED | {'robot_id': 2, 'position': (2, 9), 'estimated_position': (4, 11), 'observation': 2, 'battery': 75.0}
2026-10-02 17:55:00,622 | INFO | Thread-1 (_run_capstone) | EVENT | SARSA_ACTION | {'robot_id': 2, 'action': 3, 'proposed_action': 3, 'position': (2, 9), 'target': (2, 9), 'controller': 'SARSA+ASTAR_ROUTE_GUARD'}
2026-10-02 17:55:00,630 | INFO | Thread-1 (_run_capstone) | MOVE RESULT robot=2 ok=True new_pos=(2, 9) battery=75.00 target=(2, 9)
2026-10-02 17:55:00,810 | INFO | Thread-1 (_run_capstone) | ACTIVE_TASK robot=2 task=TASK-001 phase=PICKUP
2026-10-02 17:55:00,810 | INFO | Thread-1 (_run_capstone) | PICKUP reached robot=2 task=TASK-001 item=ITEM-001 at=(2, 9)
2026-10-02 17:55:00,810 | INFO | Thread-1 (_run_capstone) | EVENT | ITEM_PICKED | {'robot_id': 2, 'item_id': 'ITEM-001'}
2026-10-02 17:55:00,822 | INFO | Thread-1 (_run_capstone) | EVENT | ROUTE_PLANNED | {'robot_id': 2, 'destination': (3, 4), 'route_length': 7, 'planner': 'astar', 'bandit_arm': None, 'bandit_reward': None, 'value_estimate': None, 'fallback_reason': None, 'nodes_expanded': 11, 'planning_time_ms': 0.06747245788574219}
2026-10-02 17:55:00,831 | INFO | Thread-1 (_run_capstone) | A* planned robot=2 destination=(3, 4) blocked_dynamic=[] route=[(2, 9), (3, 9), (3, 8), (3, 7), (3, 6), (3, 5), (3, 4)]
2026-10-02 17:55:00,831 | INFO | Thread-1 (_run_capstone) | A* NEXT WAYPOINT robot=2 current=(2, 9) destination=(3, 4) waypoint=(3, 9) remaining_route=[(2, 9), (3, 9), (3, 8), (3, 7), (3, 6), (3, 5), (3, 4)]
2026-10-02 17:55:01,107 | INFO | Thread-1 (_run_capstone) | ACTIVE_TASK robot=2 task=TASK-001 phase=DELIVERY
2026-10-02 17:55:01,107 | INFO | Thread-1 (_run_capstone) | EVENT | ROUTE_PLANNED | {'robot_id': 2, 'destination': (3, 4), 'route_length': 7, 'planner': 'astar', 'bandit_arm': None, 'bandit_reward': None, 'value_estimate': None, 'fallback_reason': None, 'nodes_expanded': 11, 'planning_time_ms': 0.05984306335449219}
2026-10-02 17:55:01,119 | INFO | Thread-1 (_run_capstone) | A* planned robot=2 destination=(3, 4) blocked_dynamic=[] route=[(2, 9), (3, 9), (3, 8), (3, 7), (3, 6), (3, 5), (3, 4)]
2026-10-02 17:55:01,119 | INFO | Thread-1 (_run_capstone) | A* NEXT WAYPOINT robot=2 current=(2, 9) destination=(3, 4) waypoint=(3, 9) remaining_route=[(2, 9), (3, 9), (3, 8), (3, 7), (3, 6), (3, 5), (3, 4)]
2026-10-02 17:55:01,220 | INFO | Thread-1 (_run_capstone) | MOVE REQUEST robot=2 pos=(2, 9) target=(3, 9) conflict_robot=1 conflict_target=None
2026-10-02 17:55:01,328 | INFO | Thread-1 (_run_capstone) | SARSA_ROUTE_MATCH robot=2 action=2 target=(3, 9)
2026-10-02 17:55:01,328 | INFO | Thread-1 (_run_capstone) | EVENT | ROBOT_MOVED | {'robot_id': 2, 'position': (3, 9), 'estimated_position': (5, 11), 'observation': 1, 'battery': 74.0}
2026-10-02 17:55:01,337 | INFO | Thread-1 (_run_capstone) | EVENT | SARSA_ACTION | {'robot_id': 2, 'action': 2, 'proposed_action': 2, 'position': (3, 9), 'target': (3, 9), 'controller': 'SARSA+ASTAR_ROUTE_GUARD'}
2026-10-02 17:55:01,345 | INFO | Thread-1 (_run_capstone) | MOVE RESULT robot=2 ok=True new_pos=(3, 9) battery=74.00 target=(3, 9)
2026-10-02 17:55:01,526 | INFO | Thread-1 (_run_capstone) | ACTIVE_TASK robot=2 task=TASK-001 phase=DELIVERY
2026-10-02 17:55:01,526 | INFO | Thread-1 (_run_capstone) | EVENT | ROUTE_PLANNED | {'robot_id': 2, 'destination': (3, 4), 'route_length': 6, 'planner': 'astar', 'bandit_arm': None, 'bandit_reward': None, 'value_estimate': None, 'fallback_reason': None, 'nodes_expanded': 5, 'planning_time_ms': 0.03886222839355469}
2026-10-02 17:55:01,538 | INFO | Thread-1 (_run_capstone) | A* planned robot=2 destination=(3, 4) blocked_dynamic=[] route=[(3, 9), (3, 8), (3, 7), (3, 6), (3, 5), (3, 4)]
2026-10-02 17:55:01,538 | INFO | Thread-1 (_run_capstone) | A* NEXT WAYPOINT robot=2 current=(3, 9) destination=(3, 4) waypoint=(3, 8) remaining_route=[(3, 9), (3, 8), (3, 7), (3, 6), (3, 5), (3, 4)]
2026-10-02 17:55:01,642 | INFO | Thread-1 (_run_capstone) | MOVE REQUEST robot=2 pos=(3, 9) target=(3, 8) conflict_robot=1 conflict_target=None
2026-10-02 17:55:01,741 | INFO | Thread-1 (_run_capstone) | SARSA_ROUTE_MATCH robot=2 action=0 target=(3, 8)
2026-10-02 17:55:01,741 | INFO | Thread-1 (_run_capstone) | EVENT | ROBOT_MOVED | {'robot_id': 2, 'position': (3, 8), 'estimated_position': (5, 10), 'observation': 1, 'battery': 73.0}
2026-10-02 17:55:01,752 | INFO | Thread-1 (_run_capstone) | EVENT | SARSA_ACTION | {'robot_id': 2, 'action': 0, 'proposed_action': 0, 'position': (3, 8), 'target': (3, 8), 'controller': 'SARSA+ASTAR_ROUTE_GUARD'}
2026-10-02 17:55:01,760 | INFO | Thread-1 (_run_capstone) | MOVE RESULT robot=2 ok=True new_pos=(3, 8) battery=73.00 target=(3, 8)
2026-10-02 17:55:01,940 | INFO | Thread-1 (_run_capstone) | ACTIVE_TASK robot=2 task=TASK-001 phase=DELIVERY
2026-10-02 17:55:01,941 | INFO | Thread-1 (_run_capstone) | EVENT | ROUTE_PLANNED | {'robot_id': 2, 'destination': (3, 4), 'route_length': 5, 'planner': 'astar', 'bandit_arm': None, 'bandit_reward': None, 'value_estimate': None, 'fallback_reason': None, 'nodes_expanded': 4, 'planning_time_ms': 0.05507469177246094}
2026-10-02 17:55:01,952 | INFO | Thread-1 (_run_capstone) | A* planned robot=2 destination=(3, 4) blocked_dynamic=[] route=[(3, 8), (3, 7), (3, 6), (3, 5), (3, 4)]
2026-10-02 17:55:01,952 | INFO | Thread-1 (_run_capstone) | A* NEXT WAYPOINT robot=2 current=(3, 8) destination=(3, 4) waypoint=(3, 7) remaining_route=[(3, 8), (3, 7), (3, 6), (3, 5), (3, 4)]
2026-10-02 17:55:02,056 | INFO | Thread-1 (_run_capstone) | MOVE REQUEST robot=2 pos=(3, 8) target=(3, 7) conflict_robot=1 conflict_target=None
2026-10-02 17:55:02,154 | INFO | Thread-1 (_run_capstone) | SARSA_ROUTE_MATCH robot=2 action=0 target=(3, 7)
2026-10-02 17:55:02,154 | INFO | Thread-1 (_run_capstone) | EVENT | ROBOT_MOVED | {'robot_id': 2, 'position': (3, 7), 'estimated_position': (5, 9), 'observation': 1, 'battery': 72.0}
2026-10-02 17:55:02,164 | INFO | Thread-1 (_run_capstone) | EVENT | SARSA_ACTION | {'robot_id': 2, 'action': 0, 'proposed_action': 0, 'position': (3, 7), 'target': (3, 7), 'controller': 'SARSA+ASTAR_ROUTE_GUARD'}
2026-10-02 17:55:02,174 | INFO | Thread-1 (_run_capstone) | MOVE RESULT robot=2 ok=True new_pos=(3, 7) battery=72.00 target=(3, 7)
2026-10-02 17:55:02,354 | INFO | Thread-1 (_run_capstone) | ACTIVE_TASK robot=2 task=TASK-001 phase=DELIVERY
2026-10-02 17:55:02,355 | INFO | Thread-1 (_run_capstone) | EVENT | ROUTE_PLANNED | {'robot_id': 2, 'destination': (3, 4), 'route_length': 4, 'planner': 'astar', 'bandit_arm': None, 'bandit_reward': None, 'value_estimate': None, 'fallback_reason': None, 'nodes_expanded': 3, 'planning_time_ms': 0.07176399230957031}
2026-10-02 17:55:02,372 | INFO | Thread-1 (_run_capstone) | A* planned robot=2 destination=(3, 4) blocked_dynamic=[] route=[(3, 7), (3, 6), (3, 5), (3, 4)]
2026-10-02 17:55:02,372 | INFO | Thread-1 (_run_capstone) | A* NEXT WAYPOINT robot=2 current=(3, 7) destination=(3, 4) waypoint=(3, 6) remaining_route=[(3, 7), (3, 6), (3, 5), (3, 4)]
2026-10-02 17:55:02,468 | INFO | Thread-1 (_run_capstone) | MOVE REQUEST robot=2 pos=(3, 7) target=(3, 6) conflict_robot=1 conflict_target=None
2026-10-02 17:55:02,563 | INFO | Thread-1 (_run_capstone) | SARSA_ROUTE_MATCH robot=2 action=0 target=(3, 6)
2026-10-02 17:55:02,563 | INFO | Thread-1 (_run_capstone) | EVENT | ROBOT_MOVED | {'robot_id': 2, 'position': (3, 6), 'estimated_position': (5, 8), 'observation': 1, 'battery': 71.0}
2026-10-02 17:55:02,575 | INFO | Thread-1 (_run_capstone) | EVENT | SARSA_ACTION | {'robot_id': 2, 'action': 0, 'proposed_action': 0, 'position': (3, 6), 'target': (3, 6), 'controller': 'SARSA+ASTAR_ROUTE_GUARD'}
2026-10-02 17:55:02,584 | INFO | Thread-1 (_run_capstone) | MOVE RESULT robot=2 ok=True new_pos=(3, 6) battery=71.00 target=(3, 6)
2026-10-02 17:55:02,765 | INFO | Thread-1 (_run_capstone) | ACTIVE_TASK robot=2 task=TASK-001 phase=DELIVERY
2026-10-02 17:55:02,765 | INFO | Thread-1 (_run_capstone) | EVENT | ROUTE_PLANNED | {'robot_id': 2, 'destination': (3, 4), 'route_length': 3, 'planner': 'astar', 'bandit_arm': None, 'bandit_reward': None, 'value_estimate': None, 'fallback_reason': None, 'nodes_expanded': 2, 'planning_time_ms': 0.041961669921875}
2026-10-02 17:55:02,775 | INFO | Thread-1 (_run_capstone) | A* planned robot=2 destination=(3, 4) blocked_dynamic=[] route=[(3, 6), (3, 5), (3, 4)]
2026-10-02 17:55:02,776 | INFO | Thread-1 (_run_capstone) | A* NEXT WAYPOINT robot=2 current=(3, 6) destination=(3, 4) waypoint=(3, 5) remaining_route=[(3, 6), (3, 5), (3, 4)]
2026-10-02 17:55:02,881 | INFO | Thread-1 (_run_capstone) | MOVE REQUEST robot=2 pos=(3, 6) target=(3, 5) conflict_robot=1 conflict_target=None
2026-10-02 17:55:02,976 | INFO | Thread-1 (_run_capstone) | SARSA_ROUTE_MATCH robot=2 action=0 target=(3, 5)
2026-10-02 17:55:02,976 | INFO | Thread-1 (_run_capstone) | EVENT | ROBOT_MOVED | {'robot_id': 2, 'position': (3, 5), 'estimated_position': (5, 7), 'observation': 1, 'battery': 70.0}
2026-10-02 17:55:02,986 | INFO | Thread-1 (_run_capstone) | EVENT | SARSA_ACTION | {'robot_id': 2, 'action': 0, 'proposed_action': 0, 'position': (3, 5), 'target': (3, 5), 'controller': 'SARSA+ASTAR_ROUTE_GUARD'}
2026-10-02 17:55:02,995 | INFO | Thread-1 (_run_capstone) | MOVE RESULT robot=2 ok=True new_pos=(3, 5) battery=70.00 target=(3, 5)
2026-10-02 17:55:03,175 | INFO | Thread-1 (_run_capstone) | ACTIVE_TASK robot=2 task=TASK-001 phase=DELIVERY
2026-10-02 17:55:03,176 | INFO | Thread-1 (_run_capstone) | EVENT | ROUTE_PLANNED | {'robot_id': 2, 'destination': (3, 4), 'route_length': 2, 'planner': 'astar', 'bandit_arm': None, 'bandit_reward': None, 'value_estimate': None, 'fallback_reason': None, 'nodes_expanded': 1, 'planning_time_ms': 0.0362396240234375}
2026-10-02 17:55:03,186 | INFO | Thread-1 (_run_capstone) | A* planned robot=2 destination=(3, 4) blocked_dynamic=[] route=[(3, 5), (3, 4)]
2026-10-02 17:55:03,186 | INFO | Thread-1 (_run_capstone) | A* NEXT WAYPOINT robot=2 current=(3, 5) destination=(3, 4) waypoint=(3, 4) remaining_route=[(3, 5), (3, 4)]
2026-10-02 17:55:03,283 | INFO | Thread-1 (_run_capstone) | MOVE REQUEST robot=2 pos=(3, 5) target=(3, 4) conflict_robot=1 conflict_target=None
2026-10-02 17:55:03,388 | INFO | Thread-1 (_run_capstone) | SARSA_ROUTE_MATCH robot=2 action=0 target=(3, 4)
2026-10-02 17:55:03,388 | INFO | Thread-1 (_run_capstone) | EVENT | ROBOT_MOVED | {'robot_id': 2, 'position': (3, 4), 'estimated_position': (5, 6), 'observation': 0, 'battery': 69.0}
2026-10-02 17:55:03,401 | INFO | Thread-1 (_run_capstone) | EVENT | SARSA_ACTION | {'robot_id': 2, 'action': 0, 'proposed_action': 0, 'position': (3, 4), 'target': (3, 4), 'controller': 'SARSA+ASTAR_ROUTE_GUARD'}
2026-10-02 17:55:03,410 | INFO | Thread-1 (_run_capstone) | MOVE RESULT robot=2 ok=True new_pos=(3, 4) battery=69.00 target=(3, 4)
2026-10-02 17:55:03,591 | INFO | Thread-1 (_run_capstone) | ACTIVE_TASK robot=2 task=TASK-001 phase=DELIVERY
2026-10-02 17:55:03,591 | INFO | Thread-1 (_run_capstone) | DELIVERY reached robot=2 task=TASK-001 destination=(3, 4)
2026-10-02 17:55:03,591 | INFO | Thread-1 (_run_capstone) | EVENT | ITEM_DELIVERED | {'robot_id': 2, 'item_id': 'ITEM-001', 'task_id': 'TASK-001'}
2026-10-02 17:55:03,603 | INFO | Thread-1 (_run_capstone) | EVENT | ROUTE_PLANNED | {'robot_id': 2, 'destination': (15, 11), 'route_length': 20, 'planner': 'astar', 'bandit_arm': None, 'bandit_reward': None, 'value_estimate': None, 'fallback_reason': None, 'nodes_expanded': 19, 'planning_time_ms': 0.11301040649414062}
2026-10-02 17:55:03,612 | INFO | Thread-1 (_run_capstone) | A* planned robot=2 destination=(15, 11) blocked_dynamic=[] route=[(3, 4), (3, 5), (3, 6), (3, 7), (3, 8), (3, 9), (3, 10), (3, 11), (4, 11), (5, 11), (6, 11), (7, 11), (8, 11), (9, 11), (10, 11), (11, 11), (12, 11), (13, 11), (14, 11), (15, 11)]
2026-10-02 17:55:03,612 | INFO | Thread-1 (_run_capstone) | A* NEXT WAYPOINT robot=2 current=(3, 4) destination=(15, 11) waypoint=(3, 5) remaining_route=[(3, 4), (3, 5), (3, 6), (3, 7), (3, 8), (3, 9), (3, 10), (3, 11), (4, 11), (5, 11), (6, 11), (7, 11), (8, 11), (9, 11), (10, 11), (11, 11), (12, 11), (13, 11), (14, 11), (15, 11)]
2026-10-02 17:55:03,898 | INFO | Thread-1 (_run_capstone) | ACTIVE_TASK robot=2 task=TASK-002 phase=PICKUP
2026-10-02 17:55:03,898 | INFO | Thread-1 (_run_capstone) | EVENT | ROUTE_PLANNED | {'robot_id': 2, 'destination': (15, 11), 'route_length': 20, 'planner': 'astar', 'bandit_arm': None, 'bandit_reward': None, 'value_estimate': None, 'fallback_reason': None, 'nodes_expanded': 19, 'planning_time_ms': 0.1342296600341797}
2026-10-02 17:55:03,908 | INFO | Thread-1 (_run_capstone) | A* planned robot=2 destination=(15, 11) blocked_dynamic=[] route=[(3, 4), (3, 5), (3, 6), (3, 7), (3, 8), (3, 9), (3, 10), (3, 11), (4, 11), (5, 11), (6, 11), (7, 11), (8, 11), (9, 11), (10, 11), (11, 11), (12, 11), (13, 11), (14, 11), (15, 11)]
2026-10-02 17:55:03,908 | INFO | Thread-1 (_run_capstone) | A* NEXT WAYPOINT robot=2 current=(3, 4) destination=(15, 11) waypoint=(3, 5) remaining_route=[(3, 4), (3, 5), (3, 6), (3, 7), (3, 8), (3, 9), (3, 10), (3, 11), (4, 11), (5, 11), (6, 11), (7, 11), (8, 11), (9, 11), (10, 11), (11, 11), (12, 11), (13, 11), (14, 11), (15, 11)]
2026-10-02 17:55:04,012 | INFO | Thread-1 (_run_capstone) | MOVE REQUEST robot=2 pos=(3, 4) target=(3, 5) conflict_robot=1 conflict_target=None
2026-10-02 17:55:04,116 | INFO | Thread-1 (_run_capstone) | SARSA_ROUTE_MATCH robot=2 action=1 target=(3, 5)
2026-10-02 17:55:04,116 | INFO | Thread-1 (_run_capstone) | EVENT | ROBOT_MOVED | {'robot_id': 2, 'position': (3, 5), 'estimated_position': (5, 7), 'observation': 1, 'battery': 68.0}
2026-10-02 17:55:04,128 | INFO | Thread-1 (_run_capstone) | EVENT | SARSA_ACTION | {'robot_id': 2, 'action': 1, 'proposed_action': 1, 'position': (3, 5), 'target': (3, 5), 'controller': 'SARSA+ASTAR_ROUTE_GUARD'}
2026-10-02 17:55:04,136 | INFO | Thread-1 (_run_capstone) | MOVE RESULT robot=2 ok=True new_pos=(3, 5) battery=68.00 target=(3, 5)
2026-10-02 17:55:04,316 | INFO | Thread-1 (_run_capstone) | ACTIVE_TASK robot=2 task=TASK-002 phase=PICKUP
2026-10-02 17:55:04,316 | INFO | Thread-1 (_run_capstone) | EVENT | ROUTE_PLANNED | {'robot_id': 2, 'destination': (15, 11), 'route_length': 19, 'planner': 'astar', 'bandit_arm': None, 'bandit_reward': None, 'value_estimate': None, 'fallback_reason': None, 'nodes_expanded': 18, 'planning_time_ms': 0.14066696166992188}
2026-10-02 17:55:04,329 | INFO | Thread-1 (_run_capstone) | A* planned robot=2 destination=(15, 11) blocked_dynamic=[(3, 4)] route=[(3, 5), (3, 6), (3, 7), (3, 8), (3, 9), (3, 10), (3, 11), (4, 11), (5, 11), (6, 11), (7, 11), (8, 11), (9, 11), (10, 11), (11, 11), (12, 11), (13, 11), (14, 11), (15, 11)]
2026-10-02 17:55:04,329 | INFO | Thread-1 (_run_capstone) | A* NEXT WAYPOINT robot=2 current=(3, 5) destination=(15, 11) waypoint=(3, 6) remaining_route=[(3, 5), (3, 6), (3, 7), (3, 8), (3, 9), (3, 10), (3, 11), (4, 11), (5, 11), (6, 11), (7, 11), (8, 11), (9, 11), (10, 11), (11, 11), (12, 11), (13, 11), (14, 11), (15, 11)]
2026-10-02 17:55:04,437 | INFO | Thread-1 (_run_capstone) | MOVE REQUEST robot=2 pos=(3, 5) target=(3, 6) conflict_robot=1 conflict_target=None
2026-10-02 17:55:04,533 | INFO | Thread-1 (_run_capstone) | SARSA_ROUTE_MATCH robot=2 action=1 target=(3, 6)
2026-10-02 17:55:04,534 | INFO | Thread-1 (_run_capstone) | EVENT | ROBOT_MOVED | {'robot_id': 2, 'position': (3, 6), 'estimated_position': (5, 8), 'observation': 1, 'battery': 67.0}
2026-10-02 17:55:04,543 | INFO | Thread-1 (_run_capstone) | EVENT | SARSA_ACTION | {'robot_id': 2, 'action': 1, 'proposed_action': 1, 'position': (3, 6), 'target': (3, 6), 'controller': 'SARSA+ASTAR_ROUTE_GUARD'}
2026-10-02 17:55:04,551 | INFO | Thread-1 (_run_capstone) | MOVE RESULT robot=2 ok=True new_pos=(3, 6) battery=67.00 target=(3, 6)
2026-10-02 17:55:04,732 | INFO | Thread-1 (_run_capstone) | ACTIVE_TASK robot=2 task=TASK-002 phase=PICKUP
2026-10-02 17:55:04,732 | INFO | Thread-1 (_run_capstone) | EVENT | ROUTE_PLANNED | {'robot_id': 2, 'destination': (15, 11), 'route_length': 18, 'planner': 'astar', 'bandit_arm': None, 'bandit_reward': None, 'value_estimate': None, 'fallback_reason': None, 'nodes_expanded': 17, 'planning_time_ms': 0.13685226440429688}
2026-10-02 17:55:04,742 | INFO | Thread-1 (_run_capstone) | A* planned robot=2 destination=(15, 11) blocked_dynamic=[(3, 4)] route=[(3, 6), (3, 7), (3, 8), (3, 9), (3, 10), (3, 11), (4, 11), (5, 11), (6, 11), (7, 11), (8, 11), (9, 11), (10, 11), (11, 11), (12, 11), (13, 11), (14, 11), (15, 11)]
2026-10-02 17:55:04,742 | INFO | Thread-1 (_run_capstone) | A* NEXT WAYPOINT robot=2 current=(3, 6) destination=(15, 11) waypoint=(3, 7) remaining_route=[(3, 6), (3, 7), (3, 8), (3, 9), (3, 10), (3, 11), (4, 11), (5, 11), (6, 11), (7, 11), (8, 11), (9, 11), (10, 11), (11, 11), (12, 11), (13, 11), (14, 11), (15, 11)]
2026-10-02 17:55:04,842 | INFO | Thread-1 (_run_capstone) | MOVE REQUEST robot=2 pos=(3, 6) target=(3, 7) conflict_robot=1 conflict_target=None
2026-10-02 17:55:04,946 | INFO | Thread-1 (_run_capstone) | SARSA_ROUTE_MATCH robot=2 action=1 target=(3, 7)
2026-10-02 17:55:04,946 | INFO | Thread-1 (_run_capstone) | EVENT | ROBOT_MOVED | {'robot_id': 2, 'position': (3, 7), 'estimated_position': (5, 9), 'observation': 3, 'battery': 66.0}
2026-10-02 17:55:04,958 | INFO | Thread-1 (_run_capstone) | EVENT | SARSA_ACTION | {'robot_id': 2, 'action': 1, 'proposed_action': 1, 'position': (3, 7), 'target': (3, 7), 'controller': 'SARSA+ASTAR_ROUTE_GUARD'}
2026-10-02 17:55:04,966 | INFO | Thread-1 (_run_capstone) | MOVE RESULT robot=2 ok=True new_pos=(3, 7) battery=66.00 target=(3, 7)
2026-10-02 17:55:05,146 | INFO | Thread-1 (_run_capstone) | ACTIVE_TASK robot=2 task=TASK-002 phase=PICKUP
2026-10-02 17:55:05,146 | INFO | Thread-1 (_run_capstone) | EVENT | ROUTE_PLANNED | {'robot_id': 2, 'destination': (15, 11), 'route_length': 17, 'planner': 'astar', 'bandit_arm': None, 'bandit_reward': None, 'value_estimate': None, 'fallback_reason': None, 'nodes_expanded': 16, 'planning_time_ms': 0.1354217529296875}
2026-10-02 17:55:05,158 | INFO | Thread-1 (_run_capstone) | A* planned robot=2 destination=(15, 11) blocked_dynamic=[(3, 4)] route=[(3, 7), (3, 8), (3, 9), (3, 10), (3, 11), (4, 11), (5, 11), (6, 11), (7, 11), (8, 11), (9, 11), (10, 11), (11, 11), (12, 11), (13, 11), (14, 11), (15, 11)]
2026-10-02 17:55:05,158 | INFO | Thread-1 (_run_capstone) | A* NEXT WAYPOINT robot=2 current=(3, 7) destination=(15, 11) waypoint=(3, 8) remaining_route=[(3, 7), (3, 8), (3, 9), (3, 10), (3, 11), (4, 11), (5, 11), (6, 11), (7, 11), (8, 11), (9, 11), (10, 11), (11, 11), (12, 11), (13, 11), (14, 11), (15, 11)]
2026-10-02 17:55:05,256 | INFO | Thread-1 (_run_capstone) | MOVE REQUEST robot=2 pos=(3, 7) target=(3, 8) conflict_robot=1 conflict_target=None
2026-10-02 17:55:05,353 | INFO | Thread-1 (_run_capstone) | SARSA_ROUTE_MATCH robot=2 action=1 target=(3, 8)
2026-10-02 17:55:05,353 | INFO | Thread-1 (_run_capstone) | EVENT | ROBOT_MOVED | {'robot_id': 2, 'position': (3, 8), 'estimated_position': (5, 10), 'observation': 1, 'battery': 65.0}
2026-10-02 17:55:05,364 | INFO | Thread-1 (_run_capstone) | EVENT | SARSA_ACTION | {'robot_id': 2, 'action': 1, 'proposed_action': 1, 'position': (3, 8), 'target': (3, 8), 'controller': 'SARSA+ASTAR_ROUTE_GUARD'}
2026-10-02 17:55:05,372 | INFO | Thread-1 (_run_capstone) | MOVE RESULT robot=2 ok=True new_pos=(3, 8) battery=65.00 target=(3, 8)
2026-10-02 17:55:05,552 | INFO | Thread-1 (_run_capstone) | ACTIVE_TASK robot=2 task=TASK-002 phase=PICKUP
2026-10-02 17:55:05,553 | INFO | Thread-1 (_run_capstone) | EVENT | ROUTE_PLANNED | {'robot_id': 2, 'destination': (15, 11), 'route_length': 16, 'planner': 'astar', 'bandit_arm': None, 'bandit_reward': None, 'value_estimate': None, 'fallback_reason': None, 'nodes_expanded': 15, 'planning_time_ms': 0.12278556823730469}
2026-10-02 17:55:05,866 | INFO | Thread-1 (_run_capstone) | A* planned robot=2 destination=(15, 11) blocked_dynamic=[(3, 4)] route=[(3, 8), (3, 9), (3, 10), (3, 11), (4, 11), (5, 11), (6, 11), (7, 11), (8, 11), (9, 11), (10, 11), (11, 11), (12, 11), (13, 11), (14, 11), (15, 11)]
2026-10-02 17:55:05,866 | INFO | Thread-1 (_run_capstone) | A* NEXT WAYPOINT robot=2 current=(3, 8) destination=(15, 11) waypoint=(3, 9) remaining_route=[(3, 8), (3, 9), (3, 10), (3, 11), (4, 11), (5, 11), (6, 11), (7, 11), (8, 11), (9, 11), (10, 11), (11, 11), (12, 11), (13, 11), (14, 11), (15, 11)]
2026-10-02 17:55:05,968 | INFO | Thread-1 (_run_capstone) | MOVE REQUEST robot=2 pos=(3, 8) target=(3, 9) conflict_robot=1 conflict_target=None
2026-10-02 17:55:06,067 | INFO | Thread-1 (_run_capstone) | SARSA_ROUTE_MATCH robot=2 action=1 target=(3, 9)
2026-10-02 17:55:06,067 | INFO | Thread-1 (_run_capstone) | EVENT | ROBOT_MOVED | {'robot_id': 2, 'position': (3, 9), 'estimated_position': (5, 11), 'observation': 4, 'battery': 64.0}
2026-10-02 17:55:06,079 | INFO | Thread-1 (_run_capstone) | EVENT | SARSA_ACTION | {'robot_id': 2, 'action': 1, 'proposed_action': 1, 'position': (3, 9), 'target': (3, 9), 'controller': 'SARSA+ASTAR_ROUTE_GUARD'}
2026-10-02 17:55:06,088 | INFO | Thread-1 (_run_capstone) | MOVE RESULT robot=2 ok=True new_pos=(3, 9) battery=64.00 target=(3, 9)
2026-10-02 17:55:06,269 | INFO | Thread-1 (_run_capstone) | ACTIVE_TASK robot=2 task=TASK-002 phase=PICKUP
2026-10-02 17:55:06,269 | INFO | Thread-1 (_run_capstone) | EVENT | ROUTE_PLANNED | {'robot_id': 2, 'destination': (15, 11), 'route_length': 15, 'planner': 'astar', 'bandit_arm': None, 'bandit_reward': None, 'value_estimate': None, 'fallback_reason': None, 'nodes_expanded': 14, 'planning_time_ms': 0.1354217529296875}
2026-10-02 17:55:06,282 | INFO | Thread-1 (_run_capstone) | A* planned robot=2 destination=(15, 11) blocked_dynamic=[(3, 4)] route=[(3, 9), (3, 10), (3, 11), (4, 11), (5, 11), (6, 11), (7, 11), (8, 11), (9, 11), (10, 11), (11, 11), (12, 11), (13, 11), (14, 11), (15, 11)]
2026-10-02 17:55:06,282 | INFO | Thread-1 (_run_capstone) | A* NEXT WAYPOINT robot=2 current=(3, 9) destination=(15, 11) waypoint=(3, 10) remaining_route=[(3, 9), (3, 10), (3, 11), (4, 11), (5, 11), (6, 11), (7, 11), (8, 11), (9, 11), (10, 11), (11, 11), (12, 11), (13, 11), (14, 11), (15, 11)]
2026-10-02 17:55:06,381 | INFO | Thread-1 (_run_capstone) | MOVE REQUEST robot=2 pos=(3, 9) target=(3, 10) conflict_robot=1 conflict_target=None
2026-10-02 17:55:06,491 | INFO | Thread-1 (_run_capstone) | SARSA_ROUTE_MATCH robot=2 action=1 target=(3, 10)
2026-10-02 17:55:06,491 | INFO | Thread-1 (_run_capstone) | EVENT | ROBOT_MOVED | {'robot_id': 2, 'position': (3, 10), 'estimated_position': (5, 11), 'observation': 1, 'battery': 63.0}
2026-10-02 17:55:06,501 | INFO | Thread-1 (_run_capstone) | EVENT | SARSA_ACTION | {'robot_id': 2, 'action': 1, 'proposed_action': 1, 'position': (3, 10), 'target': (3, 10), 'controller': 'SARSA+ASTAR_ROUTE_GUARD'}
2026-10-02 17:55:06,510 | INFO | Thread-1 (_run_capstone) | MOVE RESULT robot=2 ok=True new_pos=(3, 10) battery=63.00 target=(3, 10)
2026-10-02 17:55:06,690 | INFO | Thread-1 (_run_capstone) | ACTIVE_TASK robot=2 task=TASK-002 phase=PICKUP
2026-10-02 17:55:06,691 | INFO | Thread-1 (_run_capstone) | EVENT | ROUTE_PLANNED | {'robot_id': 2, 'destination': (15, 11), 'route_length': 14, 'planner': 'astar', 'bandit_arm': None, 'bandit_reward': None, 'value_estimate': None, 'fallback_reason': None, 'nodes_expanded': 13, 'planning_time_ms': 0.06914138793945312}
2026-10-02 17:55:06,702 | INFO | Thread-1 (_run_capstone) | A* planned robot=2 destination=(15, 11) blocked_dynamic=[(3, 4)] route=[(3, 10), (3, 11), (4, 11), (5, 11), (6, 11), (7, 11), (8, 11), (9, 11), (10, 11), (11, 11), (12, 11), (13, 11), (14, 11), (15, 11)]
2026-10-02 17:55:06,703 | INFO | Thread-1 (_run_capstone) | A* NEXT WAYPOINT robot=2 current=(3, 10) destination=(15, 11) waypoint=(3, 11) remaining_route=[(3, 10), (3, 11), (4, 11), (5, 11), (6, 11), (7, 11), (8, 11), (9, 11), (10, 11), (11, 11), (12, 11), (13, 11), (14, 11), (15, 11)]
2026-10-02 17:55:06,802 | INFO | Thread-1 (_run_capstone) | MOVE REQUEST robot=2 pos=(3, 10) target=(3, 11) conflict_robot=1 conflict_target=None
2026-10-02 17:55:06,912 | INFO | Thread-1 (_run_capstone) | SARSA_ROUTE_MATCH robot=2 action=1 target=(3, 11)
2026-10-02 17:55:06,912 | INFO | Thread-1 (_run_capstone) | EVENT | ROBOT_MOVED | {'robot_id': 2, 'position': (3, 11), 'estimated_position': (5, 11), 'observation': 1, 'battery': 62.0}
2026-10-02 17:55:06,922 | INFO | Thread-1 (_run_capstone) | EVENT | SARSA_ACTION | {'robot_id': 2, 'action': 1, 'proposed_action': 1, 'position': (3, 11), 'target': (3, 11), 'controller': 'SARSA+ASTAR_ROUTE_GUARD'}
2026-10-02 17:55:06,933 | INFO | Thread-1 (_run_capstone) | MOVE RESULT robot=2 ok=True new_pos=(3, 11) battery=62.00 target=(3, 11)
2026-10-02 17:55:07,114 | INFO | Thread-1 (_run_capstone) | ACTIVE_TASK robot=2 task=TASK-002 phase=PICKUP
2026-10-02 17:55:07,115 | INFO | Thread-1 (_run_capstone) | EVENT | ROUTE_PLANNED | {'robot_id': 2, 'destination': (15, 11), 'route_length': 13, 'planner': 'astar', 'bandit_arm': None, 'bandit_reward': None, 'value_estimate': None, 'fallback_reason': None, 'nodes_expanded': 12, 'planning_time_ms': 0.08392333984375}
2026-10-02 17:55:07,127 | INFO | Thread-1 (_run_capstone) | A* planned robot=2 destination=(15, 11) blocked_dynamic=[(3, 4)] route=[(3, 11), (4, 11), (5, 11), (6, 11), (7, 11), (8, 11), (9, 11), (10, 11), (11, 11), (12, 11), (13, 11), (14, 11), (15, 11)]
2026-10-02 17:55:07,128 | INFO | Thread-1 (_run_capstone) | A* NEXT WAYPOINT robot=2 current=(3, 11) destination=(15, 11) waypoint=(4, 11) remaining_route=[(3, 11), (4, 11), (5, 11), (6, 11), (7, 11), (8, 11), (9, 11), (10, 11), (11, 11), (12, 11), (13, 11), (14, 11), (15, 11)]
2026-10-02 17:55:07,227 | INFO | Thread-1 (_run_capstone) | MOVE REQUEST robot=2 pos=(3, 11) target=(4, 11) conflict_robot=1 conflict_target=None
2026-10-02 17:55:07,337 | INFO | Thread-1 (_run_capstone) | SARSA_ROUTE_MATCH robot=2 action=2 target=(4, 11)
2026-10-02 17:55:07,337 | INFO | Thread-1 (_run_capstone) | EVENT | ROBOT_MOVED | {'robot_id': 2, 'position': (4, 11), 'estimated_position': (4, 11), 'observation': 2, 'battery': 61.0}
2026-10-02 17:55:07,347 | INFO | Thread-1 (_run_capstone) | EVENT | SARSA_ACTION | {'robot_id': 2, 'action': 2, 'proposed_action': 2, 'position': (4, 11), 'target': (4, 11), 'controller': 'SARSA+ASTAR_ROUTE_GUARD'}
2026-10-02 17:55:07,356 | INFO | Thread-1 (_run_capstone) | MOVE RESULT robot=2 ok=True new_pos=(4, 11) battery=61.00 target=(4, 11)
2026-10-02 17:55:07,536 | INFO | Thread-1 (_run_capstone) | ACTIVE_TASK robot=2 task=TASK-002 phase=PICKUP
2026-10-02 17:55:07,537 | INFO | Thread-1 (_run_capstone) | EVENT | ROUTE_PLANNED | {'robot_id': 2, 'destination': (15, 11), 'route_length': 12, 'planner': 'astar', 'bandit_arm': None, 'bandit_reward': None, 'value_estimate': None, 'fallback_reason': None, 'nodes_expanded': 11, 'planning_time_ms': 0.11420249938964844}
2026-10-02 17:55:07,548 | INFO | Thread-1 (_run_capstone) | A* planned robot=2 destination=(15, 11) blocked_dynamic=[(3, 4)] route=[(4, 11), (5, 11), (6, 11), (7, 11), (8, 11), (9, 11), (10, 11), (11, 11), (12, 11), (13, 11), (14, 11), (15, 11)]
2026-10-02 17:55:07,548 | INFO | Thread-1 (_run_capstone) | A* NEXT WAYPOINT robot=2 current=(4, 11) destination=(15, 11) waypoint=(5, 11) remaining_route=[(4, 11), (5, 11), (6, 11), (7, 11), (8, 11), (9, 11), (10, 11), (11, 11), (12, 11), (13, 11), (14, 11), (15, 11)]
2026-10-02 17:55:07,660 | INFO | Thread-1 (_run_capstone) | MOVE REQUEST robot=2 pos=(4, 11) target=(5, 11) conflict_robot=1 conflict_target=None
2026-10-02 17:55:07,756 | INFO | Thread-1 (_run_capstone) | SARSA_ROUTE_MATCH robot=2 action=2 target=(5, 11)
2026-10-02 17:55:07,756 | INFO | Thread-1 (_run_capstone) | EVENT | ROBOT_MOVED | {'robot_id': 2, 'position': (5, 11), 'estimated_position': (5, 11), 'observation': 3, 'battery': 60.0}
2026-10-02 17:55:07,767 | INFO | Thread-1 (_run_capstone) | EVENT | SARSA_ACTION | {'robot_id': 2, 'action': 2, 'proposed_action': 2, 'position': (5, 11), 'target': (5, 11), 'controller': 'SARSA+ASTAR_ROUTE_GUARD'}
2026-10-02 17:55:07,775 | INFO | Thread-1 (_run_capstone) | MOVE RESULT robot=2 ok=True new_pos=(5, 11) battery=60.00 target=(5, 11)
2026-10-02 17:55:07,956 | INFO | Thread-1 (_run_capstone) | ACTIVE_TASK robot=2 task=TASK-002 phase=PICKUP
2026-10-02 17:55:07,956 | INFO | Thread-1 (_run_capstone) | EVENT | ROUTE_PLANNED | {'robot_id': 2, 'destination': (15, 11), 'route_length': 11, 'planner': 'astar', 'bandit_arm': None, 'bandit_reward': None, 'value_estimate': None, 'fallback_reason': None, 'nodes_expanded': 10, 'planning_time_ms': 0.06628036499023438}
2026-10-02 17:55:07,968 | INFO | Thread-1 (_run_capstone) | A* planned robot=2 destination=(15, 11) blocked_dynamic=[(3, 4)] route=[(5, 11), (6, 11), (7, 11), (8, 11), (9, 11), (10, 11), (11, 11), (12, 11), (13, 11), (14, 11), (15, 11)]
2026-10-02 17:55:07,968 | INFO | Thread-1 (_run_capstone) | A* NEXT WAYPOINT robot=2 current=(5, 11) destination=(15, 11) waypoint=(6, 11) remaining_route=[(5, 11), (6, 11), (7, 11), (8, 11), (9, 11), (10, 11), (11, 11), (12, 11), (13, 11), (14, 11), (15, 11)]
2026-10-02 17:55:08,073 | INFO | Thread-1 (_run_capstone) | MOVE REQUEST robot=2 pos=(5, 11) target=(6, 11) conflict_robot=1 conflict_target=None
2026-10-02 17:55:08,170 | INFO | Thread-1 (_run_capstone) | SARSA_ROUTE_MATCH robot=2 action=2 target=(6, 11)
2026-10-02 17:55:08,170 | INFO | Thread-1 (_run_capstone) | EVENT | ROBOT_MOVED | {'robot_id': 2, 'position': (6, 11), 'estimated_position': (6, 11), 'observation': 1, 'battery': 59.0}
2026-10-02 17:55:08,182 | INFO | Thread-1 (_run_capstone) | EVENT | SARSA_ACTION | {'robot_id': 2, 'action': 2, 'proposed_action': 2, 'position': (6, 11), 'target': (6, 11), 'controller': 'SARSA+ASTAR_ROUTE_GUARD'}
2026-10-02 17:55:08,191 | INFO | Thread-1 (_run_capstone) | MOVE RESULT robot=2 ok=True new_pos=(6, 11) battery=59.00 target=(6, 11)
2026-10-02 17:55:08,372 | INFO | Thread-1 (_run_capstone) | ACTIVE_TASK robot=2 task=TASK-002 phase=PICKUP
2026-10-02 17:55:08,372 | INFO | Thread-1 (_run_capstone) | EVENT | ROUTE_PLANNED | {'robot_id': 2, 'destination': (15, 11), 'route_length': 10, 'planner': 'astar', 'bandit_arm': None, 'bandit_reward': None, 'value_estimate': None, 'fallback_reason': None, 'nodes_expanded': 9, 'planning_time_ms': 0.171661376953125}
2026-10-02 17:55:08,384 | INFO | Thread-1 (_run_capstone) | A* planned robot=2 destination=(15, 11) blocked_dynamic=[(3, 4)] route=[(6, 11), (7, 11), (8, 11), (9, 11), (10, 11), (11, 11), (12, 11), (13, 11), (14, 11), (15, 11)]
2026-10-02 17:55:08,384 | INFO | Thread-1 (_run_capstone) | A* NEXT WAYPOINT robot=2 current=(6, 11) destination=(15, 11) waypoint=(7, 11) remaining_route=[(6, 11), (7, 11), (8, 11), (9, 11), (10, 11), (11, 11), (12, 11), (13, 11), (14, 11), (15, 11)]
2026-10-02 17:55:08,489 | INFO | Thread-1 (_run_capstone) | MOVE REQUEST robot=2 pos=(6, 11) target=(7, 11) conflict_robot=1 conflict_target=None
2026-10-02 17:55:08,585 | INFO | Thread-1 (_run_capstone) | SARSA_ROUTE_MATCH robot=2 action=2 target=(7, 11)
2026-10-02 17:55:08,585 | INFO | Thread-1 (_run_capstone) | EVENT | ROBOT_MOVED | {'robot_id': 2, 'position': (7, 11), 'estimated_position': (7, 11), 'observation': 1, 'battery': 58.0}
2026-10-02 17:55:08,593 | INFO | Thread-1 (_run_capstone) | EVENT | SARSA_ACTION | {'robot_id': 2, 'action': 2, 'proposed_action': 2, 'position': (7, 11), 'target': (7, 11), 'controller': 'SARSA+ASTAR_ROUTE_GUARD'}
2026-10-02 17:55:08,601 | INFO | Thread-1 (_run_capstone) | MOVE RESULT robot=2 ok=True new_pos=(7, 11) battery=58.00 target=(7, 11)
2026-10-02 17:55:08,781 | INFO | Thread-1 (_run_capstone) | ACTIVE_TASK robot=2 task=TASK-002 phase=PICKUP
2026-10-02 17:55:08,782 | INFO | Thread-1 (_run_capstone) | EVENT | ROUTE_PLANNED | {'robot_id': 2, 'destination': (15, 11), 'route_length': 9, 'planner': 'astar', 'bandit_arm': None, 'bandit_reward': None, 'value_estimate': None, 'fallback_reason': None, 'nodes_expanded': 8, 'planning_time_ms': 0.08535385131835938}
2026-10-02 17:55:08,794 | INFO | Thread-1 (_run_capstone) | A* planned robot=2 destination=(15, 11) blocked_dynamic=[(3, 4)] route=[(7, 11), (8, 11), (9, 11), (10, 11), (11, 11), (12, 11), (13, 11), (14, 11), (15, 11)]
2026-10-02 17:55:08,794 | INFO | Thread-1 (_run_capstone) | A* NEXT WAYPOINT robot=2 current=(7, 11) destination=(15, 11) waypoint=(8, 11) remaining_route=[(7, 11), (8, 11), (9, 11), (10, 11), (11, 11), (12, 11), (13, 11), (14, 11), (15, 11)]
2026-10-02 17:55:08,899 | INFO | Thread-1 (_run_capstone) | MOVE REQUEST robot=2 pos=(7, 11) target=(8, 11) conflict_robot=1 conflict_target=None
2026-10-02 17:55:08,995 | INFO | Thread-1 (_run_capstone) | SARSA_ROUTE_MATCH robot=2 action=2 target=(8, 11)
2026-10-02 17:55:08,996 | INFO | Thread-1 (_run_capstone) | EVENT | ROBOT_MOVED | {'robot_id': 2, 'position': (8, 11), 'estimated_position': (8, 11), 'observation': 3, 'battery': 57.0}
2026-10-02 17:55:09,006 | INFO | Thread-1 (_run_capstone) | EVENT | SARSA_ACTION | {'robot_id': 2, 'action': 2, 'proposed_action': 2, 'position': (8, 11), 'target': (8, 11), 'controller': 'SARSA+ASTAR_ROUTE_GUARD'}
2026-10-02 17:55:09,014 | INFO | Thread-1 (_run_capstone) | MOVE RESULT robot=2 ok=True new_pos=(8, 11) battery=57.00 target=(8, 11)
2026-10-02 17:55:09,195 | INFO | Thread-1 (_run_capstone) | ACTIVE_TASK robot=2 task=TASK-002 phase=PICKUP
2026-10-02 17:55:09,195 | INFO | Thread-1 (_run_capstone) | EVENT | ROUTE_PLANNED | {'robot_id': 2, 'destination': (15, 11), 'route_length': 8, 'planner': 'astar', 'bandit_arm': None, 'bandit_reward': None, 'value_estimate': None, 'fallback_reason': None, 'nodes_expanded': 7, 'planning_time_ms': 0.08177757263183594}
2026-10-02 17:55:09,206 | INFO | Thread-1 (_run_capstone) | A* planned robot=2 destination=(15, 11) blocked_dynamic=[(3, 4)] route=[(8, 11), (9, 11), (10, 11), (11, 11), (12, 11), (13, 11), (14, 11), (15, 11)]
2026-10-02 17:55:09,206 | INFO | Thread-1 (_run_capstone) | A* NEXT WAYPOINT robot=2 current=(8, 11) destination=(15, 11) waypoint=(9, 11) remaining_route=[(8, 11), (9, 11), (10, 11), (11, 11), (12, 11), (13, 11), (14, 11), (15, 11)]
2026-10-02 17:55:09,315 | INFO | Thread-1 (_run_capstone) | MOVE REQUEST robot=2 pos=(8, 11) target=(9, 11) conflict_robot=1 conflict_target=None
2026-10-02 17:55:09,419 | INFO | Thread-1 (_run_capstone) | SARSA_ROUTE_MATCH robot=2 action=2 target=(9, 11)
2026-10-02 17:55:09,420 | INFO | Thread-1 (_run_capstone) | EVENT | ROBOT_MOVED | {'robot_id': 2, 'position': (9, 11), 'estimated_position': (7, 11), 'observation': 1, 'battery': 56.0}
2026-10-02 17:55:09,433 | INFO | Thread-1 (_run_capstone) | EVENT | SARSA_ACTION | {'robot_id': 2, 'action': 2, 'proposed_action': 2, 'position': (9, 11), 'target': (9, 11), 'controller': 'SARSA+ASTAR_ROUTE_GUARD'}
2026-10-02 17:55:09,442 | INFO | Thread-1 (_run_capstone) | MOVE RESULT robot=2 ok=True new_pos=(9, 11) battery=56.00 target=(9, 11)
2026-10-02 17:55:09,622 | INFO | Thread-1 (_run_capstone) | ACTIVE_TASK robot=2 task=TASK-002 phase=PICKUP
2026-10-02 17:55:09,623 | INFO | Thread-1 (_run_capstone) | EVENT | ROUTE_PLANNED | {'robot_id': 2, 'destination': (15, 11), 'route_length': 7, 'planner': 'astar', 'bandit_arm': None, 'bandit_reward': None, 'value_estimate': None, 'fallback_reason': None, 'nodes_expanded': 6, 'planning_time_ms': 0.07510185241699219}
2026-10-02 17:55:09,634 | INFO | Thread-1 (_run_capstone) | A* planned robot=2 destination=(15, 11) blocked_dynamic=[(3, 4)] route=[(9, 11), (10, 11), (11, 11), (12, 11), (13, 11), (14, 11), (15, 11)]
2026-10-02 17:55:09,634 | INFO | Thread-1 (_run_capstone) | A* NEXT WAYPOINT robot=2 current=(9, 11) destination=(15, 11) waypoint=(10, 11) remaining_route=[(9, 11), (10, 11), (11, 11), (12, 11), (13, 11), (14, 11), (15, 11)]
2026-10-02 17:55:09,739 | INFO | Thread-1 (_run_capstone) | MOVE REQUEST robot=2 pos=(9, 11) target=(10, 11) conflict_robot=1 conflict_target=None
2026-10-02 17:55:09,838 | INFO | Thread-1 (_run_capstone) | SARSA_ROUTE_MATCH robot=2 action=2 target=(10, 11)
2026-10-02 17:55:09,839 | INFO | Thread-1 (_run_capstone) | EVENT | ROBOT_MOVED | {'robot_id': 2, 'position': (10, 11), 'estimated_position': (8, 11), 'observation': 0, 'battery': 55.0}
2026-10-02 17:55:09,851 | INFO | Thread-1 (_run_capstone) | EVENT | SARSA_ACTION | {'robot_id': 2, 'action': 2, 'proposed_action': 2, 'position': (10, 11), 'target': (10, 11), 'controller': 'SARSA+ASTAR_ROUTE_GUARD'}
2026-10-02 17:55:09,861 | INFO | Thread-1 (_run_capstone) | MOVE RESULT robot=2 ok=True new_pos=(10, 11) battery=55.00 target=(10, 11)
2026-10-02 17:55:10,041 | INFO | Thread-1 (_run_capstone) | ACTIVE_TASK robot=2 task=TASK-002 phase=PICKUP
2026-10-02 17:55:10,042 | INFO | Thread-1 (_run_capstone) | EVENT | ROUTE_PLANNED | {'robot_id': 2, 'destination': (15, 11), 'route_length': 6, 'planner': 'astar', 'bandit_arm': None, 'bandit_reward': None, 'value_estimate': None, 'fallback_reason': None, 'nodes_expanded': 5, 'planning_time_ms': 0.06699562072753906}
2026-10-02 17:55:10,055 | INFO | Thread-1 (_run_capstone) | A* planned robot=2 destination=(15, 11) blocked_dynamic=[(3, 4)] route=[(10, 11), (11, 11), (12, 11), (13, 11), (14, 11), (15, 11)]
2026-10-02 17:55:10,055 | INFO | Thread-1 (_run_capstone) | A* NEXT WAYPOINT robot=2 current=(10, 11) destination=(15, 11) waypoint=(11, 11) remaining_route=[(10, 11), (11, 11), (12, 11), (13, 11), (14, 11), (15, 11)]
2026-10-02 17:55:10,162 | INFO | Thread-1 (_run_capstone) | MOVE REQUEST robot=2 pos=(10, 11) target=(11, 11) conflict_robot=1 conflict_target=None
2026-10-02 17:55:10,266 | INFO | Thread-1 (_run_capstone) | SARSA_ROUTE_MATCH robot=2 action=2 target=(11, 11)
2026-10-02 17:55:10,266 | INFO | Thread-1 (_run_capstone) | EVENT | ROBOT_MOVED | {'robot_id': 2, 'position': (11, 11), 'estimated_position': (9, 11), 'observation': 0, 'battery': 54.0}
2026-10-02 17:55:10,279 | INFO | Thread-1 (_run_capstone) | EVENT | SARSA_ACTION | {'robot_id': 2, 'action': 2, 'proposed_action': 2, 'position': (11, 11), 'target': (11, 11), 'controller': 'SARSA+ASTAR_ROUTE_GUARD'}
2026-10-02 17:55:10,287 | INFO | Thread-1 (_run_capstone) | MOVE RESULT robot=2 ok=True new_pos=(11, 11) battery=54.00 target=(11, 11)
2026-10-02 17:55:10,468 | INFO | Thread-1 (_run_capstone) | ACTIVE_TASK robot=2 task=TASK-002 phase=PICKUP
2026-10-02 17:55:10,468 | INFO | Thread-1 (_run_capstone) | EVENT | ROUTE_PLANNED | {'robot_id': 2, 'destination': (15, 11), 'route_length': 5, 'planner': 'astar', 'bandit_arm': None, 'bandit_reward': None, 'value_estimate': None, 'fallback_reason': None, 'nodes_expanded': 4, 'planning_time_ms': 0.06270408630371094}
2026-10-02 17:55:10,479 | INFO | Thread-1 (_run_capstone) | A* planned robot=2 destination=(15, 11) blocked_dynamic=[(3, 4)] route=[(11, 11), (12, 11), (13, 11), (14, 11), (15, 11)]
2026-10-02 17:55:10,479 | INFO | Thread-1 (_run_capstone) | A* NEXT WAYPOINT robot=2 current=(11, 11) destination=(15, 11) waypoint=(12, 11) remaining_route=[(11, 11), (12, 11), (13, 11), (14, 11), (15, 11)]
2026-10-02 17:55:10,587 | INFO | Thread-1 (_run_capstone) | MOVE REQUEST robot=2 pos=(11, 11) target=(12, 11) conflict_robot=1 conflict_target=None
2026-10-02 17:55:10,685 | INFO | Thread-1 (_run_capstone) | SARSA_ROUTE_MATCH robot=2 action=2 target=(12, 11)
2026-10-02 17:55:10,685 | INFO | Thread-1 (_run_capstone) | EVENT | ROBOT_MOVED | {'robot_id': 2, 'position': (12, 11), 'estimated_position': (10, 11), 'observation': 0, 'battery': 53.0}
2026-10-02 17:55:10,698 | INFO | Thread-1 (_run_capstone) | EVENT | SARSA_ACTION | {'robot_id': 2, 'action': 2, 'proposed_action': 2, 'position': (12, 11), 'target': (12, 11), 'controller': 'SARSA+ASTAR_ROUTE_GUARD'}
2026-10-02 17:55:10,706 | INFO | Thread-1 (_run_capstone) | MOVE RESULT robot=2 ok=True new_pos=(12, 11) battery=53.00 target=(12, 11)
2026-10-02 17:55:10,887 | INFO | Thread-1 (_run_capstone) | ACTIVE_TASK robot=2 task=TASK-002 phase=PICKUP
2026-10-02 17:55:10,887 | INFO | Thread-1 (_run_capstone) | EVENT | ROUTE_PLANNED | {'robot_id': 2, 'destination': (15, 11), 'route_length': 4, 'planner': 'astar', 'bandit_arm': None, 'bandit_reward': None, 'value_estimate': None, 'fallback_reason': None, 'nodes_expanded': 3, 'planning_time_ms': 0.050067901611328125}
2026-10-02 17:55:10,897 | INFO | Thread-1 (_run_capstone) | A* planned robot=2 destination=(15, 11) blocked_dynamic=[(3, 4)] route=[(12, 11), (13, 11), (14, 11), (15, 11)]
2026-10-02 17:55:10,898 | INFO | Thread-1 (_run_capstone) | A* NEXT WAYPOINT robot=2 current=(12, 11) destination=(15, 11) waypoint=(13, 11) remaining_route=[(12, 11), (13, 11), (14, 11), (15, 11)]
2026-10-02 17:55:11,010 | INFO | Thread-1 (_run_capstone) | MOVE REQUEST robot=2 pos=(12, 11) target=(13, 11) conflict_robot=1 conflict_target=None
2026-10-02 17:55:11,116 | INFO | Thread-1 (_run_capstone) | SARSA_ROUTE_MATCH robot=2 action=2 target=(13, 11)
2026-10-02 17:55:11,116 | INFO | Thread-1 (_run_capstone) | EVENT | ROBOT_MOVED | {'robot_id': 2, 'position': (13, 11), 'estimated_position': (11, 11), 'observation': 0, 'battery': 52.0}
2026-10-02 17:55:11,125 | INFO | Thread-1 (_run_capstone) | EVENT | SARSA_ACTION | {'robot_id': 2, 'action': 2, 'proposed_action': 2, 'position': (13, 11), 'target': (13, 11), 'controller': 'SARSA+ASTAR_ROUTE_GUARD'}
2026-10-02 17:55:11,133 | INFO | Thread-1 (_run_capstone) | MOVE RESULT robot=2 ok=True new_pos=(13, 11) battery=52.00 target=(13, 11)
2026-10-02 17:55:11,313 | INFO | Thread-1 (_run_capstone) | ACTIVE_TASK robot=2 task=TASK-002 phase=PICKUP
2026-10-02 17:55:11,314 | INFO | Thread-1 (_run_capstone) | EVENT | ROUTE_PLANNED | {'robot_id': 2, 'destination': (15, 11), 'route_length': 3, 'planner': 'astar', 'bandit_arm': None, 'bandit_reward': None, 'value_estimate': None, 'fallback_reason': None, 'nodes_expanded': 2, 'planning_time_ms': 0.04410743713378906}
2026-10-02 17:55:11,327 | INFO | Thread-1 (_run_capstone) | A* planned robot=2 destination=(15, 11) blocked_dynamic=[(3, 4)] route=[(13, 11), (14, 11), (15, 11)]
2026-10-02 17:55:11,327 | INFO | Thread-1 (_run_capstone) | A* NEXT WAYPOINT robot=2 current=(13, 11) destination=(15, 11) waypoint=(14, 11) remaining_route=[(13, 11), (14, 11), (15, 11)]
2026-10-02 17:55:11,437 | INFO | Thread-1 (_run_capstone) | MOVE REQUEST robot=2 pos=(13, 11) target=(14, 11) conflict_robot=1 conflict_target=None
2026-10-02 17:55:11,545 | INFO | Thread-1 (_run_capstone) | SARSA_ROUTE_MATCH robot=2 action=2 target=(14, 11)
2026-10-02 17:55:11,546 | INFO | Thread-1 (_run_capstone) | EVENT | ROBOT_MOVED | {'robot_id': 2, 'position': (14, 11), 'estimated_position': (12, 11), 'observation': 0, 'battery': 51.0}
2026-10-02 17:55:11,555 | INFO | Thread-1 (_run_capstone) | EVENT | SARSA_ACTION | {'robot_id': 2, 'action': 2, 'proposed_action': 2, 'position': (14, 11), 'target': (14, 11), 'controller': 'SARSA+ASTAR_ROUTE_GUARD'}
2026-10-02 17:55:11,562 | INFO | Thread-1 (_run_capstone) | MOVE RESULT robot=2 ok=True new_pos=(14, 11) battery=51.00 target=(14, 11)
2026-10-02 17:55:11,743 | INFO | Thread-1 (_run_capstone) | ACTIVE_TASK robot=2 task=TASK-002 phase=PICKUP
2026-10-02 17:55:11,743 | INFO | Thread-1 (_run_capstone) | EVENT | ROUTE_PLANNED | {'robot_id': 2, 'destination': (15, 11), 'route_length': 2, 'planner': 'astar', 'bandit_arm': None, 'bandit_reward': None, 'value_estimate': None, 'fallback_reason': None, 'nodes_expanded': 1, 'planning_time_ms': 0.03314018249511719}
2026-10-02 17:55:11,758 | INFO | Thread-1 (_run_capstone) | A* planned robot=2 destination=(15, 11) blocked_dynamic=[(3, 4)] route=[(14, 11), (15, 11)]
2026-10-02 17:55:11,759 | INFO | Thread-1 (_run_capstone) | A* NEXT WAYPOINT robot=2 current=(14, 11) destination=(15, 11) waypoint=(15, 11) remaining_route=[(14, 11), (15, 11)]
2026-10-02 17:55:11,859 | INFO | Thread-1 (_run_capstone) | MOVE REQUEST robot=2 pos=(14, 11) target=(15, 11) conflict_robot=1 conflict_target=None
2026-10-02 17:55:11,968 | INFO | Thread-1 (_run_capstone) | SARSA_ROUTE_MATCH robot=2 action=2 target=(15, 11)
2026-10-02 17:55:11,968 | INFO | Thread-1 (_run_capstone) | EVENT | ROBOT_MOVED | {'robot_id': 2, 'position': (15, 11), 'estimated_position': (13, 11), 'observation': 3, 'battery': 50.0}
2026-10-02 17:55:11,978 | INFO | Thread-1 (_run_capstone) | EVENT | SARSA_ACTION | {'robot_id': 2, 'action': 2, 'proposed_action': 2, 'position': (15, 11), 'target': (15, 11), 'controller': 'SARSA+ASTAR_ROUTE_GUARD'}
2026-10-02 17:55:11,985 | INFO | Thread-1 (_run_capstone) | MOVE RESULT robot=2 ok=True new_pos=(15, 11) battery=50.00 target=(15, 11)
2026-10-02 17:55:12,165 | INFO | Thread-1 (_run_capstone) | ACTIVE_TASK robot=2 task=TASK-002 phase=PICKUP
2026-10-02 17:55:12,165 | INFO | Thread-1 (_run_capstone) | PICKUP reached robot=2 task=TASK-002 item=ITEM-002 at=(15, 11)
2026-10-02 17:55:12,165 | INFO | Thread-1 (_run_capstone) | EVENT | ITEM_PICKED | {'robot_id': 2, 'item_id': 'ITEM-002'}
2026-10-02 17:55:12,176 | INFO | Thread-1 (_run_capstone) | EVENT | ROUTE_PLANNED | {'robot_id': 2, 'destination': (18, 12), 'route_length': 7, 'planner': 'astar', 'bandit_arm': None, 'bandit_reward': None, 'value_estimate': None, 'fallback_reason': None, 'nodes_expanded': 9, 'planning_time_ms': 0.08726119995117188}
2026-10-02 17:55:12,185 | INFO | Thread-1 (_run_capstone) | A* planned robot=2 destination=(18, 12) blocked_dynamic=[(3, 4)] route=[(15, 11), (15, 12), (15, 13), (16, 13), (17, 13), (18, 13), (18, 12)]
2026-10-02 17:55:12,185 | INFO | Thread-1 (_run_capstone) | A* NEXT WAYPOINT robot=2 current=(15, 11) destination=(18, 12) waypoint=(15, 12) remaining_route=[(15, 11), (15, 12), (15, 13), (16, 13), (17, 13), (18, 13), (18, 12)]
2026-10-02 17:55:12,466 | INFO | Thread-1 (_run_capstone) | ACTIVE_TASK robot=2 task=TASK-002 phase=DELIVERY
2026-10-02 17:55:12,466 | INFO | Thread-1 (_run_capstone) | EVENT | ROUTE_PLANNED | {'robot_id': 2, 'destination': (18, 12), 'route_length': 7, 'planner': 'astar', 'bandit_arm': None, 'bandit_reward': None, 'value_estimate': None, 'fallback_reason': None, 'nodes_expanded': 9, 'planning_time_ms': 0.0514984130859375}
2026-10-02 17:55:12,480 | INFO | Thread-1 (_run_capstone) | A* planned robot=2 destination=(18, 12) blocked_dynamic=[(3, 4)] route=[(15, 11), (15, 12), (15, 13), (16, 13), (17, 13), (18, 13), (18, 12)]
2026-10-02 17:55:12,480 | INFO | Thread-1 (_run_capstone) | A* NEXT WAYPOINT robot=2 current=(15, 11) destination=(18, 12) waypoint=(15, 12) remaining_route=[(15, 11), (15, 12), (15, 13), (16, 13), (17, 13), (18, 13), (18, 12)]
2026-10-02 17:55:12,575 | INFO | Thread-1 (_run_capstone) | MOVE REQUEST robot=2 pos=(15, 11) target=(15, 12) conflict_robot=1 conflict_target=None
2026-10-02 17:55:12,673 | INFO | Thread-1 (_run_capstone) | SARSA_ROUTE_MATCH robot=2 action=1 target=(15, 12)
2026-10-02 17:55:12,674 | INFO | Thread-1 (_run_capstone) | EVENT | ROBOT_MOVED | {'robot_id': 2, 'position': (15, 12), 'estimated_position': (13, 12), 'observation': 4, 'battery': 49.0}
2026-10-02 17:55:12,687 | INFO | Thread-1 (_run_capstone) | EVENT | SARSA_ACTION | {'robot_id': 2, 'action': 1, 'proposed_action': 1, 'position': (15, 12), 'target': (15, 12), 'controller': 'SARSA+ASTAR_ROUTE_GUARD'}
2026-10-02 17:55:12,695 | INFO | Thread-1 (_run_capstone) | MOVE RESULT robot=2 ok=True new_pos=(15, 12) battery=49.00 target=(15, 12)
2026-10-02 17:55:12,875 | INFO | Thread-1 (_run_capstone) | ACTIVE_TASK robot=2 task=TASK-002 phase=DELIVERY
2026-10-02 17:55:12,875 | INFO | Thread-1 (_run_capstone) | EVENT | ROUTE_PLANNED | {'robot_id': 2, 'destination': (18, 12), 'route_length': 6, 'planner': 'astar', 'bandit_arm': None, 'bandit_reward': None, 'value_estimate': None, 'fallback_reason': None, 'nodes_expanded': 7, 'planning_time_ms': 0.07653236389160156}
2026-10-02 17:55:12,886 | INFO | Thread-1 (_run_capstone) | A* planned robot=2 destination=(18, 12) blocked_dynamic=[(3, 4)] route=[(15, 12), (15, 13), (16, 13), (17, 13), (18, 13), (18, 12)]
2026-10-02 17:55:12,886 | INFO | Thread-1 (_run_capstone) | A* NEXT WAYPOINT robot=2 current=(15, 12) destination=(18, 12) waypoint=(15, 13) remaining_route=[(15, 12), (15, 13), (16, 13), (17, 13), (18, 13), (18, 12)]
2026-10-02 17:55:12,984 | INFO | Thread-1 (_run_capstone) | MOVE REQUEST robot=2 pos=(15, 12) target=(15, 13) conflict_robot=1 conflict_target=None
2026-10-02 17:55:13,080 | INFO | Thread-1 (_run_capstone) | SARSA_ROUTE_MATCH robot=2 action=1 target=(15, 13)
2026-10-02 17:55:13,081 | INFO | Thread-1 (_run_capstone) | EVENT | ROBOT_MOVED | {'robot_id': 2, 'position': (15, 13), 'estimated_position': (13, 13), 'observation': 0, 'battery': 48.0}
2026-10-02 17:55:13,089 | INFO | Thread-1 (_run_capstone) | EVENT | SARSA_ACTION | {'robot_id': 2, 'action': 1, 'proposed_action': 1, 'position': (15, 13), 'target': (15, 13), 'controller': 'SARSA+ASTAR_ROUTE_GUARD'}
2026-10-02 17:55:13,096 | INFO | Thread-1 (_run_capstone) | MOVE RESULT robot=2 ok=True new_pos=(15, 13) battery=48.00 target=(15, 13)
2026-10-02 17:55:13,278 | INFO | Thread-1 (_run_capstone) | ACTIVE_TASK robot=2 task=TASK-002 phase=DELIVERY
2026-10-02 17:55:13,278 | INFO | Thread-1 (_run_capstone) | EVENT | ROUTE_PLANNED | {'robot_id': 2, 'destination': (18, 12), 'route_length': 5, 'planner': 'astar', 'bandit_arm': None, 'bandit_reward': None, 'value_estimate': None, 'fallback_reason': None, 'nodes_expanded': 5, 'planning_time_ms': 0.05173683166503906}
2026-10-02 17:55:13,293 | INFO | Thread-1 (_run_capstone) | A* planned robot=2 destination=(18, 12) blocked_dynamic=[(3, 4)] route=[(15, 13), (16, 13), (17, 13), (18, 13), (18, 12)]
2026-10-02 17:55:13,293 | INFO | Thread-1 (_run_capstone) | A* NEXT WAYPOINT robot=2 current=(15, 13) destination=(18, 12) waypoint=(16, 13) remaining_route=[(15, 13), (16, 13), (17, 13), (18, 13), (18, 12)]
2026-10-02 17:55:13,395 | INFO | Thread-1 (_run_capstone) | MOVE REQUEST robot=2 pos=(15, 13) target=(16, 13) conflict_robot=1 conflict_target=None
2026-10-02 17:55:13,499 | INFO | Thread-1 (_run_capstone) | SARSA_ROUTE_MATCH robot=2 action=2 target=(16, 13)
2026-10-02 17:55:13,499 | INFO | Thread-1 (_run_capstone) | EVENT | ROBOT_MOVED | {'robot_id': 2, 'position': (16, 13), 'estimated_position': (15, 12), 'observation': 1, 'battery': 47.0}
2026-10-02 17:55:13,511 | INFO | Thread-1 (_run_capstone) | EVENT | SARSA_ACTION | {'robot_id': 2, 'action': 2, 'proposed_action': 2, 'position': (16, 13), 'target': (16, 13), 'controller': 'SARSA+ASTAR_ROUTE_GUARD'}
2026-10-02 17:55:13,520 | INFO | Thread-1 (_run_capstone) | MOVE RESULT robot=2 ok=True new_pos=(16, 13) battery=47.00 target=(16, 13)
2026-10-02 17:55:13,701 | INFO | Thread-1 (_run_capstone) | ACTIVE_TASK robot=2 task=TASK-002 phase=DELIVERY
2026-10-02 17:55:13,701 | INFO | Thread-1 (_run_capstone) | EVENT | ROUTE_PLANNED | {'robot_id': 2, 'destination': (18, 12), 'route_length': 4, 'planner': 'astar', 'bandit_arm': None, 'bandit_reward': None, 'value_estimate': None, 'fallback_reason': None, 'nodes_expanded': 3, 'planning_time_ms': 0.10466575622558594}
2026-10-02 17:55:13,716 | INFO | Thread-1 (_run_capstone) | A* planned robot=2 destination=(18, 12) blocked_dynamic=[(3, 4)] route=[(16, 13), (17, 13), (18, 13), (18, 12)]
2026-10-02 17:55:13,716 | INFO | Thread-1 (_run_capstone) | A* NEXT WAYPOINT robot=2 current=(16, 13) destination=(18, 12) waypoint=(17, 13) remaining_route=[(16, 13), (17, 13), (18, 13), (18, 12)]
2026-10-02 17:55:13,814 | INFO | Thread-1 (_run_capstone) | MOVE REQUEST robot=2 pos=(16, 13) target=(17, 13) conflict_robot=1 conflict_target=None
2026-10-02 17:55:13,911 | INFO | Thread-1 (_run_capstone) | SARSA_ROUTE_MATCH robot=2 action=2 target=(17, 13)
2026-10-02 17:55:13,911 | INFO | Thread-1 (_run_capstone) | EVENT | ROBOT_MOVED | {'robot_id': 2, 'position': (17, 13), 'estimated_position': (15, 12), 'observation': 1, 'battery': 46.0}
2026-10-02 17:55:13,922 | INFO | Thread-1 (_run_capstone) | EVENT | SARSA_ACTION | {'robot_id': 2, 'action': 2, 'proposed_action': 2, 'position': (17, 13), 'target': (17, 13), 'controller': 'SARSA+ASTAR_ROUTE_GUARD'}
2026-10-02 17:55:13,930 | INFO | Thread-1 (_run_capstone) | MOVE RESULT robot=2 ok=True new_pos=(17, 13) battery=46.00 target=(17, 13)
2026-10-02 17:55:14,111 | INFO | Thread-1 (_run_capstone) | ACTIVE_TASK robot=2 task=TASK-002 phase=DELIVERY
2026-10-02 17:55:14,111 | INFO | Thread-1 (_run_capstone) | EVENT | ROUTE_PLANNED | {'robot_id': 2, 'destination': (18, 12), 'route_length': 3, 'planner': 'astar', 'bandit_arm': None, 'bandit_reward': None, 'value_estimate': None, 'fallback_reason': None, 'nodes_expanded': 2, 'planning_time_ms': 0.0286102294921875}
2026-10-02 17:55:14,123 | INFO | Thread-1 (_run_capstone) | A* planned robot=2 destination=(18, 12) blocked_dynamic=[(3, 4)] route=[(17, 13), (18, 13), (18, 12)]
2026-10-02 17:55:14,123 | INFO | Thread-1 (_run_capstone) | A* NEXT WAYPOINT robot=2 current=(17, 13) destination=(18, 12) waypoint=(18, 13) remaining_route=[(17, 13), (18, 13), (18, 12)]
2026-10-02 17:55:14,219 | INFO | Thread-1 (_run_capstone) | MOVE REQUEST robot=2 pos=(17, 13) target=(18, 13) conflict_robot=1 conflict_target=None
2026-10-02 17:55:14,316 | INFO | Thread-1 (_run_capstone) | SARSA_ROUTE_MATCH robot=2 action=2 target=(18, 13)
2026-10-02 17:55:14,316 | INFO | Thread-1 (_run_capstone) | EVENT | ROBOT_MOVED | {'robot_id': 2, 'position': (18, 13), 'estimated_position': (18, 13), 'observation': 0, 'battery': 45.0}
2026-10-02 17:55:14,329 | INFO | Thread-1 (_run_capstone) | EVENT | SARSA_ACTION | {'robot_id': 2, 'action': 2, 'proposed_action': 2, 'position': (18, 13), 'target': (18, 13), 'controller': 'SARSA+ASTAR_ROUTE_GUARD'}
2026-10-02 17:55:14,339 | INFO | Thread-1 (_run_capstone) | MOVE RESULT robot=2 ok=True new_pos=(18, 13) battery=45.00 target=(18, 13)
2026-10-02 17:55:14,519 | INFO | Thread-1 (_run_capstone) | ACTIVE_TASK robot=2 task=TASK-002 phase=DELIVERY
2026-10-02 17:55:14,520 | INFO | Thread-1 (_run_capstone) | EVENT | ROUTE_PLANNED | {'robot_id': 2, 'destination': (18, 12), 'route_length': 2, 'planner': 'astar', 'bandit_arm': None, 'bandit_reward': None, 'value_estimate': None, 'fallback_reason': None, 'nodes_expanded': 1, 'planning_time_ms': 0.041961669921875}
2026-10-02 17:55:14,535 | INFO | Thread-1 (_run_capstone) | A* planned robot=2 destination=(18, 12) blocked_dynamic=[(3, 4)] route=[(18, 13), (18, 12)]
2026-10-02 17:55:14,535 | INFO | Thread-1 (_run_capstone) | A* NEXT WAYPOINT robot=2 current=(18, 13) destination=(18, 12) waypoint=(18, 12) remaining_route=[(18, 13), (18, 12)]
2026-10-02 17:55:14,633 | INFO | Thread-1 (_run_capstone) | MOVE REQUEST robot=2 pos=(18, 13) target=(18, 12) conflict_robot=1 conflict_target=None
2026-10-02 17:55:14,743 | INFO | Thread-1 (_run_capstone) | SARSA_ROUTE_MATCH robot=2 action=0 target=(18, 12)
2026-10-02 17:55:14,743 | INFO | Thread-1 (_run_capstone) | EVENT | ROBOT_MOVED | {'robot_id': 2, 'position': (18, 12), 'estimated_position': (14, 12), 'observation': 0, 'battery': 44.0}
2026-10-02 17:55:14,753 | INFO | Thread-1 (_run_capstone) | EVENT | SARSA_ACTION | {'robot_id': 2, 'action': 0, 'proposed_action': 0, 'position': (18, 12), 'target': (18, 12), 'controller': 'SARSA+ASTAR_ROUTE_GUARD'}
2026-10-02 17:55:14,762 | INFO | Thread-1 (_run_capstone) | MOVE RESULT robot=2 ok=True new_pos=(18, 12) battery=44.00 target=(18, 12)
2026-10-02 17:55:14,942 | INFO | Thread-1 (_run_capstone) | ACTIVE_TASK robot=2 task=TASK-002 phase=DELIVERY
2026-10-02 17:55:14,942 | INFO | Thread-1 (_run_capstone) | DELIVERY reached robot=2 task=TASK-002 destination=(18, 12)
2026-10-02 17:55:14,942 | INFO | Thread-1 (_run_capstone) | EVENT | ITEM_DELIVERED | {'robot_id': 2, 'item_id': 'ITEM-002', 'task_id': 'TASK-002'}
2026-10-02 17:55:15,193 | INFO | MainThread | Worker finished status=COMPLETED
