2026-10-02 17:55:27,760 | INFO | MainThread | === CAPSTONE DEBUG LOG START ===
2026-10-02 17:55:27,760 | INFO | MainThread | debug_logging_enabled=True
2026-10-02 17:55:27,761 | INFO | MainThread | Human command submitted: 'move both packages to their designated positions using their designated robots'
2026-10-02 17:55:27,761 | INFO | Thread-2 (_run_capstone) | Initializing custom warehouse environment
2026-10-02 17:55:27,761 | INFO | Thread-2 (_run_capstone) | Environment dimensions rows=15 cols=20
2026-10-02 17:55:27,766 | INFO | Thread-2 (_run_capstone) | Warehouse state and orchestrator created
2026-10-02 17:55:27,770 | INFO | Thread-2 (_run_capstone) | Robots initialized: R1=(2, 2) R2=(17, 3)
2026-10-02 17:55:27,782 | INFO | Thread-2 (_run_capstone) | SQLite memory attached run_id=3
2026-10-02 17:55:27,782 | INFO | Thread-2 (_run_capstone) | Loaded items=[('ITEM-001', (2, 9), 6.0), ('ITEM-002', (15, 11), 4.0)]
2026-10-02 17:55:27,782 | INFO | Thread-2 (_run_capstone) | Loaded tasks=[('TASK-001', 'ITEM-001', (2, 9), (3, 4)), ('TASK-002', 'ITEM-002', (15, 11), (18, 12))]
2026-10-02 17:55:27,782 | INFO | Thread-2 (_run_capstone) | Dispatch start request='move both packages to their designated positions using their designated robots'
2026-10-02 17:55:47,022 | INFO | Thread-2 (_run_capstone) | EVENT | TASK_ASSIGNED | {'task_id': 'TASK-001', 'robot_id': 2}
2026-10-02 17:55:47,035 | INFO | Thread-2 (_run_capstone) | EVENT | TASK_ASSIGNED | {'task_id': 'TASK-002', 'robot_id': 1}
2026-10-02 17:55:47,042 | INFO | Thread-2 (_run_capstone) | Dispatch result: {'status': 'DISPATCH_AUTHORIZED', 'result': {'answer': 'SMT verified the dispatch plan as feasible. Using the SMT-provided assignments.', 'assignments': {'ITEM-001': '2', 'ITEM-002': '1'}}, 'final_smt_check': {'status': 'SATISFIABLE', 'assignments': {'ITEM-001': '2', 'ITEM-002': '1'}, 'feedback': 'Dispatch plan verified by SMT.'}, 'task_assignments': [{'task_id': 'TASK-001', 'item_id': 'ITEM-001', 'robot_id': '2'}, {'task_id': 'TASK-002', 'item_id': 'ITEM-002', 'robot_id': '1'}], 'trace': [{'role': 'system', 'content': '\nYou are the dispatch reasoning layer of an autonomous warehouse.\n\nReturn exactly one JSON object per turn:\n{\n  "thought": "<brief reasoning summary>",\n  "action": "<action>",\n  "action_input": {...}\n}\n\nAllowed actions are exactly:\n\n1. "verify_dispatch_smt"\n   action_input:\n   {\n     "packages": [\n       {"id": "<package id>", "weight": <number>}\n     ],\n     "robots": [\n       {\n         "id": "<robot id>",\n         "capacity": <number>,\n         "battery_pct": <number>,\n         "min_battery": <number>,\n         "drain_rate": <number>\n       }\n     ]\n   }\n\n2. "ask_user"\n   action_input:\n   {"question": "<question>"}\n\n3. "finish"\n   action_input:\n   {\n     "answer": "<answer>",\n     "assignments": {"package_id": "robot_id", ...}\n   }\n\nRules:\n- First translate the warehouse request into a concrete verifier payload.\n- Only create assignments for packages/items that the HUMAN DISPATCH REQUEST explicitly asks to move.\n- Do not add extra packages, extra tasks, or "helpful" assignments that were not requested.\n- If the human explicitly names a robot for a requested package, use that robot; do not silently substitute another robot.\n- When the HUMAN DISPATCH REQUEST explicitly says "ITEM-X to Robot-Y", the\n  final assignment for ITEM-X MUST be exactly Robot-Y. Do not move that item to\n  another robot merely because SMT also finds that alternative feasible.\n- Do not treat a merely feasible alternative assignment as permission to rewrite\n  an explicit human assignment.\n- The SMT verifier is the source of truth for physical feasibility, while the\n  human request is the source of truth for explicit assignment intent.\n- If SMT returns SATISFIABLE, finish using exactly the assignments from that\n  verified result.\n- If SMT returns UNSATISFIABLE, read diagnostics and feedback, explain the\n  actual constraint failure in your Thought, and propose a genuinely\n  different payload.\n- Never submit the exact same verify_dispatch_smt payload twice.\n- A changed plan must be sent back through SMT before being described as\n  feasible.\n- Use ask_user when the correct relaxation requires a human preference.\n- Never claim a plan is feasible without a SATISFIABLE verification for that\n  exact plan.\n'}, {'role': 'user', 'content': 'HUMAN DISPATCH REQUEST:\nmove both packages to their designated positions using their designated robots\n\nAUTHORITATIVE CURRENT WAREHOUSE STATE:\n{\n  "robots": [\n    {\n      "id": 1,\n      "capacity_kg": 10.0,\n      "battery_pct": 100.0,\n      "wear": 0.0,\n      "min_battery_pct": 20.0,\n      "drain_rate_pct_per_kg": 0.0\n    },\n    {\n      "id": 2,\n      "capacity_kg": 10.0,\n      "battery_pct": 100.0,\n      "wear": 0.0,\n      "min_battery_pct": 20.0,\n      "drain_rate_pct_per_kg": 0.0\n    }\n  ],\n  "items": [\n    {\n      "id": "ITEM-001",\n      "weight_kg": 6.0,\n      "location": [\n        2,\n        9\n      ],\n      "status": "AVAILABLE"\n    },\n    {\n      "id": "ITEM-002",\n      "weight_kg": 4.0,\n      "location": [\n        15,\n        11\n      ],\n      "status": "AVAILABLE"\n    }\n  ],\n  "tasks": [\n    {\n      "task_id": "TASK-001",\n      "item_id": "ITEM-001",\n      "destination": [\n        3,\n        4\n      ],\n      "assigned_robot_id": null\n    },\n    {\n      "task_id": "TASK-002",\n      "item_id": "ITEM-002",\n      "destination": [\n        18,\n        12\n      ],\n      "assigned_robot_id": null\n    }\n  ]\n}\n\nUse the supplied warehouse state for package weights, robot capacity, battery, and available entities. Do not ask the human to repeat information already present here.'}, {'role': 'assistant', 'content': '{\n  "thought": "Interpret \'designated robots\' as assigning ITEM-001 -> robot 1 and ITEM-002 -> robot 2; prepare SMT payload with the two packages and both robots (capacity, battery, min battery, drain rate) to verify feasibility.",\n  "action": "verify_dispatch_smt",\n  "action_input": {\n    "packages": [\n      {\n        "id": "ITEM-001",\n        "weight": 6.0\n      },\n      {\n        "id": "ITEM-002",\n        "weight": 4.0\n      }\n    ],\n    "robots": [\n      {\n        "id": 1,\n        "capacity": 10.0,\n        "battery_pct": 100.0,\n        "min_battery": 20.0,\n        "drain_rate": 0.0\n      },\n      {\n        "id": 2,\n        "capacity": 10.0,\n        "battery_pct": 100.0,\n        "min_battery": 20.0,\n        "drain_rate": 0.0\n      }\n    ]\n  }\n}'}, {'role': 'user', 'content': '{"status": "SYNTACTIC_ERROR", "message": "2 validation errors for DispatchPayload\\nrobots.0.id\\n  Input should be a valid string [type=string_type, input_value=1, input_type=int]\\n    For further information visit https://errors.pydantic.dev/2.9/v/string_type\\nrobots.1.id\\n  Input should be a valid string [type=string_type, input_value=2, input_type=int]\\n    For further information visit https://errors.pydantic.dev/2.9/v/string_type"}'}, {'role': 'assistant', 'content': '{\n  "thought": "Previous verify payload failed because robot ids were integers; resend verification with robot ids as strings so the SMT validator accepts it.",\n  "action": "verify_dispatch_smt",\n  "action_input": {\n    "packages": [\n      {\n        "id": "ITEM-001",\n        "weight": 6.0\n      },\n      {\n        "id": "ITEM-002",\n        "weight": 4.0\n      }\n    ],\n    "robots": [\n      {\n        "id": "1",\n        "capacity": 10.0,\n        "battery_pct": 100.0,\n        "min_battery": 20.0,\n        "drain_rate": 0.0\n      },\n      {\n        "id": "2",\n        "capacity": 10.0,\n        "battery_pct": 100.0,\n        "min_battery": 20.0,\n        "drain_rate": 0.0\n      }\n    ]\n  }\n}'}, {'role': 'user', 'content': '{"status": "SATISFIABLE", "assignments": {"ITEM-001": "2", "ITEM-002": "1"}, "feedback": "Dispatch plan verified by SMT."}'}, {'role': 'assistant', 'content': '{\n  "thought": "SMT returned SATISFIABLE but with swapped robot assignments (ITEM-001->2, ITEM-002->1). The human did not explicitly bind items to robot IDs, so I must accept the SMT-verified assignments and finish using them exactly.",\n  "action": "finish",\n  "action_input": {\n    "answer": "SMT verified the dispatch plan as feasible. Using the SMT-provided assignments.",\n    "assignments": {\n      "ITEM-001": "2",\n      "ITEM-002": "1"\n    }\n  }\n}'}]}
2026-10-02 17:55:47,043 | INFO | Thread-2 (_run_capstone) | EVENT | ROUTE_PLANNED | {'robot_id': 1, 'destination': (15, 11), 'route_length': 23, 'planner': 'astar', 'bandit_arm': None, 'bandit_reward': None, 'value_estimate': None, 'fallback_reason': None, 'nodes_expanded': 31, 'planning_time_ms': 0.12087821960449219}
2026-10-02 17:55:47,052 | INFO | Thread-2 (_run_capstone) | A* planned robot=1 destination=(15, 11) blocked_dynamic=[(18, 12)] route=[(2, 2), (2, 3), (2, 4), (2, 5), (3, 5), (3, 6), (3, 7), (3, 8), (3, 9), (3, 10), (3, 11), (4, 11), (5, 11), (6, 11), (7, 11), (8, 11), (9, 11), (10, 11), (11, 11), (12, 11), (13, 11), (14, 11), (15, 11)]
2026-10-02 17:55:47,052 | INFO | Thread-2 (_run_capstone) | A* NEXT WAYPOINT robot=1 current=(2, 2) destination=(15, 11) waypoint=(2, 3) remaining_route=[(2, 2), (2, 3), (2, 4), (2, 5), (3, 5), (3, 6), (3, 7), (3, 8), (3, 9), (3, 10), (3, 11), (4, 11), (5, 11), (6, 11), (7, 11), (8, 11), (9, 11), (10, 11), (11, 11), (12, 11), (13, 11), (14, 11), (15, 11)]
2026-10-02 17:55:47,149 | INFO | Thread-2 (_run_capstone) | EVENT | ROUTE_PLANNED | {'robot_id': 2, 'destination': (2, 9), 'route_length': 28, 'planner': 'astar', 'bandit_arm': None, 'bandit_reward': None, 'value_estimate': None, 'fallback_reason': None, 'nodes_expanded': 155, 'planning_time_ms': 0.4699230194091797}
2026-10-02 17:55:47,163 | INFO | Thread-2 (_run_capstone) | A* planned robot=2 destination=(2, 9) blocked_dynamic=[(2, 2), (2, 3), (2, 4), (2, 5), (3, 4), (3, 5), (3, 6), (3, 7), (3, 8), (3, 9), (3, 10), (3, 11), (4, 11), (5, 11), (6, 11), (7, 11), (8, 11), (9, 11), (10, 11), (11, 11), (12, 11), (13, 11), (14, 11), (15, 11)] route=[(17, 3), (16, 3), (15, 3), (14, 3), (13, 3), (13, 2), (13, 1), (12, 1), (11, 1), (10, 1), (9, 1), (8, 1), (7, 1), (6, 1), (5, 1), (4, 1), (3, 1), (2, 1), (1, 1), (1, 2), (1, 3), (1, 4), (1, 5), (1, 6), (1, 7), (2, 7), (2, 8), (2, 9)]
2026-10-02 17:55:47,164 | INFO | Thread-2 (_run_capstone) | A* NEXT WAYPOINT robot=2 current=(17, 3) destination=(2, 9) waypoint=(16, 3) remaining_route=[(17, 3), (16, 3), (15, 3), (14, 3), (13, 3), (13, 2), (13, 1), (12, 1), (11, 1), (10, 1), (9, 1), (8, 1), (7, 1), (6, 1), (5, 1), (4, 1), (3, 1), (2, 1), (1, 1), (1, 2), (1, 3), (1, 4), (1, 5), (1, 6), (1, 7), (2, 7), (2, 8), (2, 9)]
2026-10-02 17:55:47,265 | INFO | Thread-2 (_run_capstone) | ACTIVE_TASK robot=1 task=TASK-002 phase=PICKUP
2026-10-02 17:55:47,265 | INFO | Thread-2 (_run_capstone) | EVENT | ROUTE_PLANNED | {'robot_id': 1, 'destination': (15, 11), 'route_length': 23, 'planner': 'astar', 'bandit_arm': None, 'bandit_reward': None, 'value_estimate': None, 'fallback_reason': None, 'nodes_expanded': 26, 'planning_time_ms': 0.09775161743164062}
2026-10-02 17:55:47,275 | INFO | Thread-2 (_run_capstone) | A* planned robot=1 destination=(15, 11) blocked_dynamic=[(1, 1), (1, 2), (1, 3), (1, 4), (1, 5), (1, 6), (1, 7), (2, 1), (2, 7), (2, 8), (2, 9), (3, 1), (4, 1), (5, 1), (6, 1), (7, 1), (8, 1), (9, 1), (10, 1), (11, 1), (12, 1), (13, 1), (13, 2), (13, 3), (14, 3), (15, 3), (16, 3), (17, 3), (18, 12)] route=[(2, 2), (2, 3), (2, 4), (2, 5), (3, 5), (3, 6), (3, 7), (3, 8), (3, 9), (3, 10), (3, 11), (4, 11), (5, 11), (6, 11), (7, 11), (8, 11), (9, 11), (10, 11), (11, 11), (12, 11), (13, 11), (14, 11), (15, 11)]
2026-10-02 17:55:47,275 | INFO | Thread-2 (_run_capstone) | A* NEXT WAYPOINT robot=1 current=(2, 2) destination=(15, 11) waypoint=(2, 3) remaining_route=[(2, 2), (2, 3), (2, 4), (2, 5), (3, 5), (3, 6), (3, 7), (3, 8), (3, 9), (3, 10), (3, 11), (4, 11), (5, 11), (6, 11), (7, 11), (8, 11), (9, 11), (10, 11), (11, 11), (12, 11), (13, 11), (14, 11), (15, 11)]
2026-10-02 17:55:47,374 | INFO | Thread-2 (_run_capstone) | MOVE REQUEST robot=1 pos=(2, 2) target=(2, 3) conflict_robot=2 conflict_target=None
2026-10-02 17:55:47,468 | INFO | Thread-2 (_run_capstone) | SARSA_ROUTE_MATCH robot=1 action=1 target=(2, 3)
2026-10-02 17:55:47,469 | INFO | Thread-2 (_run_capstone) | EVENT | ROBOT_MOVED | {'robot_id': 1, 'position': (2, 3), 'estimated_position': (2, 3), 'observation': 0, 'battery': 99.0}
2026-10-02 17:55:47,477 | INFO | Thread-2 (_run_capstone) | EVENT | SARSA_ACTION | {'robot_id': 1, 'action': 1, 'proposed_action': 1, 'position': (2, 3), 'target': (2, 3), 'controller': 'SARSA+ASTAR_ROUTE_GUARD'}
2026-10-02 17:55:47,485 | INFO | Thread-2 (_run_capstone) | MOVE RESULT robot=1 ok=True new_pos=(2, 3) battery=99.00 target=(2, 3)
2026-10-02 17:55:47,486 | INFO | Thread-2 (_run_capstone) | ACTIVE_TASK robot=2 task=TASK-001 phase=PICKUP
2026-10-02 17:55:47,486 | INFO | Thread-2 (_run_capstone) | EVENT | ROUTE_PLANNED | {'robot_id': 2, 'destination': (2, 9), 'route_length': 28, 'planner': 'astar', 'bandit_arm': None, 'bandit_reward': None, 'value_estimate': None, 'fallback_reason': None, 'nodes_expanded': 155, 'planning_time_ms': 0.5464553833007812}
2026-10-02 17:55:47,495 | INFO | Thread-2 (_run_capstone) | A* planned robot=2 destination=(2, 9) blocked_dynamic=[(2, 2), (2, 3), (2, 4), (2, 5), (3, 4), (3, 5), (3, 6), (3, 7), (3, 8), (3, 9), (3, 10), (3, 11), (4, 11), (5, 11), (6, 11), (7, 11), (8, 11), (9, 11), (10, 11), (11, 11), (12, 11), (13, 11), (14, 11), (15, 11)] route=[(17, 3), (16, 3), (15, 3), (14, 3), (13, 3), (13, 2), (13, 1), (12, 1), (11, 1), (10, 1), (9, 1), (8, 1), (7, 1), (6, 1), (5, 1), (4, 1), (3, 1), (2, 1), (1, 1), (1, 2), (1, 3), (1, 4), (1, 5), (1, 6), (1, 7), (2, 7), (2, 8), (2, 9)]
2026-10-02 17:55:47,495 | INFO | Thread-2 (_run_capstone) | A* NEXT WAYPOINT robot=2 current=(17, 3) destination=(2, 9) waypoint=(16, 3) remaining_route=[(17, 3), (16, 3), (15, 3), (14, 3), (13, 3), (13, 2), (13, 1), (12, 1), (11, 1), (10, 1), (9, 1), (8, 1), (7, 1), (6, 1), (5, 1), (4, 1), (3, 1), (2, 1), (1, 1), (1, 2), (1, 3), (1, 4), (1, 5), (1, 6), (1, 7), (2, 7), (2, 8), (2, 9)]
2026-10-02 17:55:47,597 | INFO | Thread-2 (_run_capstone) | MOVE REQUEST robot=2 pos=(17, 3) target=(16, 3) conflict_robot=1 conflict_target=None
2026-10-02 17:55:47,713 | INFO | Thread-2 (_run_capstone) | SARSA_ROUTE_MATCH robot=2 action=3 target=(16, 3)
2026-10-02 17:55:47,713 | INFO | Thread-2 (_run_capstone) | EVENT | ROBOT_MOVED | {'robot_id': 2, 'position': (16, 3), 'estimated_position': (16, 3), 'observation': 0, 'battery': 99.0}
2026-10-02 17:55:47,724 | INFO | Thread-2 (_run_capstone) | EVENT | SARSA_ACTION | {'robot_id': 2, 'action': 3, 'proposed_action': 3, 'position': (16, 3), 'target': (16, 3), 'controller': 'SARSA+ASTAR_ROUTE_GUARD'}
2026-10-02 17:55:47,731 | INFO | Thread-2 (_run_capstone) | MOVE RESULT robot=2 ok=True new_pos=(16, 3) battery=99.00 target=(16, 3)
2026-10-02 17:55:47,911 | INFO | Thread-2 (_run_capstone) | ACTIVE_TASK robot=1 task=TASK-002 phase=PICKUP
2026-10-02 17:55:47,912 | INFO | Thread-2 (_run_capstone) | EVENT | ROUTE_PLANNED | {'robot_id': 1, 'destination': (15, 11), 'route_length': 22, 'planner': 'astar', 'bandit_arm': None, 'bandit_reward': None, 'value_estimate': None, 'fallback_reason': None, 'nodes_expanded': 24, 'planning_time_ms': 0.1785755157470703}
2026-10-02 17:55:47,925 | INFO | Thread-2 (_run_capstone) | A* planned robot=1 destination=(15, 11) blocked_dynamic=[(1, 1), (1, 2), (1, 3), (1, 4), (1, 5), (1, 6), (1, 7), (2, 1), (2, 7), (2, 8), (2, 9), (3, 1), (4, 1), (5, 1), (6, 1), (7, 1), (8, 1), (9, 1), (10, 1), (11, 1), (12, 1), (13, 1), (13, 2), (13, 3), (14, 3), (15, 3), (16, 3), (17, 3), (18, 12)] route=[(2, 3), (2, 4), (2, 5), (3, 5), (3, 6), (3, 7), (3, 8), (3, 9), (3, 10), (3, 11), (4, 11), (5, 11), (6, 11), (7, 11), (8, 11), (9, 11), (10, 11), (11, 11), (12, 11), (13, 11), (14, 11), (15, 11)]
2026-10-02 17:55:47,925 | INFO | Thread-2 (_run_capstone) | A* NEXT WAYPOINT robot=1 current=(2, 3) destination=(15, 11) waypoint=(2, 4) remaining_route=[(2, 3), (2, 4), (2, 5), (3, 5), (3, 6), (3, 7), (3, 8), (3, 9), (3, 10), (3, 11), (4, 11), (5, 11), (6, 11), (7, 11), (8, 11), (9, 11), (10, 11), (11, 11), (12, 11), (13, 11), (14, 11), (15, 11)]
2026-10-02 17:55:48,028 | INFO | Thread-2 (_run_capstone) | MOVE REQUEST robot=1 pos=(2, 3) target=(2, 4) conflict_robot=2 conflict_target=None
2026-10-02 17:55:48,129 | INFO | Thread-2 (_run_capstone) | SARSA_ROUTE_MATCH robot=1 action=1 target=(2, 4)
2026-10-02 17:55:48,129 | INFO | Thread-2 (_run_capstone) | EVENT | ROBOT_MOVED | {'robot_id': 1, 'position': (2, 4), 'estimated_position': (2, 4), 'observation': 0, 'battery': 98.0}
2026-10-02 17:55:48,141 | INFO | Thread-2 (_run_capstone) | EVENT | SARSA_ACTION | {'robot_id': 1, 'action': 1, 'proposed_action': 1, 'position': (2, 4), 'target': (2, 4), 'controller': 'SARSA+ASTAR_ROUTE_GUARD'}
2026-10-02 17:55:48,149 | INFO | Thread-2 (_run_capstone) | MOVE RESULT robot=1 ok=True new_pos=(2, 4) battery=98.00 target=(2, 4)
2026-10-02 17:55:48,149 | INFO | Thread-2 (_run_capstone) | ACTIVE_TASK robot=2 task=TASK-001 phase=PICKUP
2026-10-02 17:55:48,150 | INFO | Thread-2 (_run_capstone) | EVENT | ROUTE_PLANNED | {'robot_id': 2, 'destination': (2, 9), 'route_length': 27, 'planner': 'astar', 'bandit_arm': None, 'bandit_reward': None, 'value_estimate': None, 'fallback_reason': None, 'nodes_expanded': 152, 'planning_time_ms': 0.45990943908691406}
2026-10-02 17:55:48,158 | INFO | Thread-2 (_run_capstone) | A* planned robot=2 destination=(2, 9) blocked_dynamic=[(2, 3), (2, 4), (2, 5), (3, 4), (3, 5), (3, 6), (3, 7), (3, 8), (3, 9), (3, 10), (3, 11), (4, 11), (5, 11), (6, 11), (7, 11), (8, 11), (9, 11), (10, 11), (11, 11), (12, 11), (13, 11), (14, 11), (15, 11)] route=[(16, 3), (15, 3), (14, 3), (13, 3), (13, 2), (13, 1), (12, 1), (11, 1), (10, 1), (9, 1), (8, 1), (7, 1), (6, 1), (5, 1), (4, 1), (3, 1), (3, 2), (2, 2), (1, 2), (1, 3), (1, 4), (1, 5), (1, 6), (1, 7), (2, 7), (2, 8), (2, 9)]
2026-10-02 17:55:48,158 | INFO | Thread-2 (_run_capstone) | A* NEXT WAYPOINT robot=2 current=(16, 3) destination=(2, 9) waypoint=(15, 3) remaining_route=[(16, 3), (15, 3), (14, 3), (13, 3), (13, 2), (13, 1), (12, 1), (11, 1), (10, 1), (9, 1), (8, 1), (7, 1), (6, 1), (5, 1), (4, 1), (3, 1), (3, 2), (2, 2), (1, 2), (1, 3), (1, 4), (1, 5), (1, 6), (1, 7), (2, 7), (2, 8), (2, 9)]
2026-10-02 17:55:48,256 | INFO | Thread-2 (_run_capstone) | MOVE REQUEST robot=2 pos=(16, 3) target=(15, 3) conflict_robot=1 conflict_target=None
2026-10-02 17:55:48,364 | INFO | Thread-2 (_run_capstone) | SARSA_ROUTE_MATCH robot=2 action=3 target=(15, 3)
2026-10-02 17:55:48,364 | INFO | Thread-2 (_run_capstone) | EVENT | ROBOT_MOVED | {'robot_id': 2, 'position': (15, 3), 'estimated_position': (15, 3), 'observation': 0, 'battery': 98.0}
2026-10-02 17:55:48,375 | INFO | Thread-2 (_run_capstone) | EVENT | SARSA_ACTION | {'robot_id': 2, 'action': 3, 'proposed_action': 3, 'position': (15, 3), 'target': (15, 3), 'controller': 'SARSA+ASTAR_ROUTE_GUARD'}
2026-10-02 17:55:48,383 | INFO | Thread-2 (_run_capstone) | MOVE RESULT robot=2 ok=True new_pos=(15, 3) battery=98.00 target=(15, 3)
2026-10-02 17:55:48,563 | INFO | Thread-2 (_run_capstone) | ACTIVE_TASK robot=1 task=TASK-002 phase=PICKUP
2026-10-02 17:55:48,564 | INFO | Thread-2 (_run_capstone) | EVENT | ROUTE_PLANNED | {'robot_id': 1, 'destination': (15, 11), 'route_length': 21, 'planner': 'astar', 'bandit_arm': None, 'bandit_reward': None, 'value_estimate': None, 'fallback_reason': None, 'nodes_expanded': 22, 'planning_time_ms': 0.1518726348876953}
2026-10-02 17:55:48,576 | INFO | Thread-2 (_run_capstone) | A* planned robot=1 destination=(15, 11) blocked_dynamic=[(1, 2), (1, 3), (1, 4), (1, 5), (1, 6), (1, 7), (2, 2), (2, 7), (2, 8), (2, 9), (3, 1), (3, 2), (4, 1), (5, 1), (6, 1), (7, 1), (8, 1), (9, 1), (10, 1), (11, 1), (12, 1), (13, 1), (13, 2), (13, 3), (14, 3), (15, 3), (16, 3), (18, 12)] route=[(2, 4), (2, 5), (2, 6), (3, 6), (3, 7), (3, 8), (3, 9), (3, 10), (3, 11), (4, 11), (5, 11), (6, 11), (7, 11), (8, 11), (9, 11), (10, 11), (11, 11), (12, 11), (13, 11), (14, 11), (15, 11)]
2026-10-02 17:55:48,576 | INFO | Thread-2 (_run_capstone) | A* NEXT WAYPOINT robot=1 current=(2, 4) destination=(15, 11) waypoint=(2, 5) remaining_route=[(2, 4), (2, 5), (2, 6), (3, 6), (3, 7), (3, 8), (3, 9), (3, 10), (3, 11), (4, 11), (5, 11), (6, 11), (7, 11), (8, 11), (9, 11), (10, 11), (11, 11), (12, 11), (13, 11), (14, 11), (15, 11)]
2026-10-02 17:55:48,691 | INFO | Thread-2 (_run_capstone) | MOVE REQUEST robot=1 pos=(2, 4) target=(2, 5) conflict_robot=2 conflict_target=None
2026-10-02 17:55:48,789 | INFO | Thread-2 (_run_capstone) | SARSA_ROUTE_MATCH robot=1 action=1 target=(2, 5)
2026-10-02 17:55:48,790 | INFO | Thread-2 (_run_capstone) | EVENT | ROBOT_MOVED | {'robot_id': 1, 'position': (2, 5), 'estimated_position': (2, 5), 'observation': 2, 'battery': 97.0}
2026-10-02 17:55:48,800 | INFO | Thread-2 (_run_capstone) | EVENT | SARSA_ACTION | {'robot_id': 1, 'action': 1, 'proposed_action': 1, 'position': (2, 5), 'target': (2, 5), 'controller': 'SARSA+ASTAR_ROUTE_GUARD'}
2026-10-02 17:55:48,808 | INFO | Thread-2 (_run_capstone) | MOVE RESULT robot=1 ok=True new_pos=(2, 5) battery=97.00 target=(2, 5)
2026-10-02 17:55:48,809 | INFO | Thread-2 (_run_capstone) | ACTIVE_TASK robot=2 task=TASK-001 phase=PICKUP
2026-10-02 17:55:48,809 | INFO | Thread-2 (_run_capstone) | EVENT | ROUTE_PLANNED | {'robot_id': 2, 'destination': (2, 9), 'route_length': 26, 'planner': 'astar', 'bandit_arm': None, 'bandit_reward': None, 'value_estimate': None, 'fallback_reason': None, 'nodes_expanded': 138, 'planning_time_ms': 0.7984638214111328}
2026-10-02 17:55:48,819 | INFO | Thread-2 (_run_capstone) | A* planned robot=2 destination=(2, 9) blocked_dynamic=[(2, 4), (2, 5), (2, 6), (3, 4), (3, 6), (3, 7), (3, 8), (3, 9), (3, 10), (3, 11), (4, 11), (5, 11), (6, 11), (7, 11), (8, 11), (9, 11), (10, 11), (11, 11), (12, 11), (13, 11), (14, 11), (15, 11)] route=[(15, 3), (14, 3), (14, 2), (13, 2), (13, 1), (12, 1), (11, 1), (10, 1), (9, 1), (8, 1), (7, 1), (6, 1), (5, 1), (4, 1), (3, 1), (3, 2), (3, 3), (2, 3), (1, 3), (1, 4), (1, 5), (1, 6), (1, 7), (2, 7), (2, 8), (2, 9)]
2026-10-02 17:55:48,819 | INFO | Thread-2 (_run_capstone) | A* NEXT WAYPOINT robot=2 current=(15, 3) destination=(2, 9) waypoint=(14, 3) remaining_route=[(15, 3), (14, 3), (14, 2), (13, 2), (13, 1), (12, 1), (11, 1), (10, 1), (9, 1), (8, 1), (7, 1), (6, 1), (5, 1), (4, 1), (3, 1), (3, 2), (3, 3), (2, 3), (1, 3), (1, 4), (1, 5), (1, 6), (1, 7), (2, 7), (2, 8), (2, 9)]
2026-10-02 17:55:48,921 | INFO | Thread-2 (_run_capstone) | MOVE REQUEST robot=2 pos=(15, 3) target=(14, 3) conflict_robot=1 conflict_target=None
2026-10-02 17:55:49,021 | INFO | Thread-2 (_run_capstone) | SARSA_ROUTE_MATCH robot=2 action=3 target=(14, 3)
2026-10-02 17:55:49,021 | INFO | Thread-2 (_run_capstone) | EVENT | ROBOT_MOVED | {'robot_id': 2, 'position': (14, 3), 'estimated_position': (14, 3), 'observation': 0, 'battery': 97.0}
2026-10-02 17:55:49,033 | INFO | Thread-2 (_run_capstone) | EVENT | SARSA_ACTION | {'robot_id': 2, 'action': 3, 'proposed_action': 3, 'position': (14, 3), 'target': (14, 3), 'controller': 'SARSA+ASTAR_ROUTE_GUARD'}
2026-10-02 17:55:49,041 | INFO | Thread-2 (_run_capstone) | MOVE RESULT robot=2 ok=True new_pos=(14, 3) battery=97.00 target=(14, 3)
2026-10-02 17:55:49,222 | INFO | Thread-2 (_run_capstone) | ACTIVE_TASK robot=1 task=TASK-002 phase=PICKUP
2026-10-02 17:55:49,222 | INFO | Thread-2 (_run_capstone) | EVENT | ROUTE_PLANNED | {'robot_id': 1, 'destination': (15, 11), 'route_length': 20, 'planner': 'astar', 'bandit_arm': None, 'bandit_reward': None, 'value_estimate': None, 'fallback_reason': None, 'nodes_expanded': 20, 'planning_time_ms': 0.24175643920898438}
2026-10-02 17:55:49,233 | INFO | Thread-2 (_run_capstone) | A* planned robot=1 destination=(15, 11) blocked_dynamic=[(1, 3), (1, 4), (1, 5), (1, 6), (1, 7), (2, 3), (2, 7), (2, 8), (2, 9), (3, 1), (3, 2), (3, 3), (4, 1), (5, 1), (6, 1), (7, 1), (8, 1), (9, 1), (10, 1), (11, 1), (12, 1), (13, 1), (13, 2), (14, 2), (14, 3), (15, 3), (18, 12)] route=[(2, 5), (2, 6), (3, 6), (3, 7), (3, 8), (3, 9), (3, 10), (3, 11), (4, 11), (5, 11), (6, 11), (7, 11), (8, 11), (9, 11), (10, 11), (11, 11), (12, 11), (13, 11), (14, 11), (15, 11)]
2026-10-02 17:55:49,233 | INFO | Thread-2 (_run_capstone) | A* NEXT WAYPOINT robot=1 current=(2, 5) destination=(15, 11) waypoint=(2, 6) remaining_route=[(2, 5), (2, 6), (3, 6), (3, 7), (3, 8), (3, 9), (3, 10), (3, 11), (4, 11), (5, 11), (6, 11), (7, 11), (8, 11), (9, 11), (10, 11), (11, 11), (12, 11), (13, 11), (14, 11), (15, 11)]
2026-10-02 17:55:49,333 | INFO | Thread-2 (_run_capstone) | MOVE REQUEST robot=1 pos=(2, 5) target=(2, 6) conflict_robot=2 conflict_target=None
2026-10-02 17:55:49,434 | INFO | Thread-2 (_run_capstone) | SARSA_ROUTE_MATCH robot=1 action=1 target=(2, 6)
2026-10-02 17:55:49,434 | INFO | Thread-2 (_run_capstone) | EVENT | ROBOT_MOVED | {'robot_id': 1, 'position': (2, 6), 'estimated_position': (2, 6), 'observation': 0, 'battery': 96.0}
2026-10-02 17:55:49,445 | INFO | Thread-2 (_run_capstone) | EVENT | SARSA_ACTION | {'robot_id': 1, 'action': 1, 'proposed_action': 1, 'position': (2, 6), 'target': (2, 6), 'controller': 'SARSA+ASTAR_ROUTE_GUARD'}
2026-10-02 17:55:49,454 | INFO | Thread-2 (_run_capstone) | MOVE RESULT robot=1 ok=True new_pos=(2, 6) battery=96.00 target=(2, 6)
2026-10-02 17:55:49,454 | INFO | Thread-2 (_run_capstone) | ACTIVE_TASK robot=2 task=TASK-001 phase=PICKUP
2026-10-02 17:55:49,455 | INFO | Thread-2 (_run_capstone) | EVENT | ROUTE_PLANNED | {'robot_id': 2, 'destination': (2, 9), 'route_length': 25, 'planner': 'astar', 'bandit_arm': None, 'bandit_reward': None, 'value_estimate': None, 'fallback_reason': None, 'nodes_expanded': 133, 'planning_time_ms': 0.5502700805664062}
2026-10-02 17:55:49,463 | INFO | Thread-2 (_run_capstone) | A* planned robot=2 destination=(2, 9) blocked_dynamic=[(2, 5), (2, 6), (3, 4), (3, 6), (3, 7), (3, 8), (3, 9), (3, 10), (3, 11), (4, 11), (5, 11), (6, 11), (7, 11), (8, 11), (9, 11), (10, 11), (11, 11), (12, 11), (13, 11), (14, 11), (15, 11)] route=[(14, 3), (14, 2), (14, 1), (13, 1), (12, 1), (11, 1), (10, 1), (9, 1), (8, 1), (7, 1), (6, 1), (5, 1), (4, 1), (3, 1), (3, 2), (3, 3), (2, 3), (2, 4), (1, 4), (1, 5), (1, 6), (1, 7), (2, 7), (2, 8), (2, 9)]
2026-10-02 17:55:49,463 | INFO | Thread-2 (_run_capstone) | A* NEXT WAYPOINT robot=2 current=(14, 3) destination=(2, 9) waypoint=(14, 2) remaining_route=[(14, 3), (14, 2), (14, 1), (13, 1), (12, 1), (11, 1), (10, 1), (9, 1), (8, 1), (7, 1), (6, 1), (5, 1), (4, 1), (3, 1), (3, 2), (3, 3), (2, 3), (2, 4), (1, 4), (1, 5), (1, 6), (1, 7), (2, 7), (2, 8), (2, 9)]
2026-10-02 17:55:49,560 | INFO | Thread-2 (_run_capstone) | MOVE REQUEST robot=2 pos=(14, 3) target=(14, 2) conflict_robot=1 conflict_target=None
2026-10-02 17:55:49,663 | INFO | Thread-2 (_run_capstone) | SARSA_ROUTE_MATCH robot=2 action=0 target=(14, 2)
2026-10-02 17:55:49,664 | INFO | Thread-2 (_run_capstone) | EVENT | ROBOT_MOVED | {'robot_id': 2, 'position': (14, 2), 'estimated_position': (14, 2), 'observation': 0, 'battery': 96.0}
2026-10-02 17:55:49,675 | INFO | Thread-2 (_run_capstone) | EVENT | SARSA_ACTION | {'robot_id': 2, 'action': 0, 'proposed_action': 0, 'position': (14, 2), 'target': (14, 2), 'controller': 'SARSA+ASTAR_ROUTE_GUARD'}
2026-10-02 17:55:49,684 | INFO | Thread-2 (_run_capstone) | MOVE RESULT robot=2 ok=True new_pos=(14, 2) battery=96.00 target=(14, 2)
2026-10-02 17:55:49,865 | INFO | Thread-2 (_run_capstone) | ACTIVE_TASK robot=1 task=TASK-002 phase=PICKUP
2026-10-02 17:55:49,865 | INFO | Thread-2 (_run_capstone) | EVENT | ROUTE_PLANNED | {'robot_id': 1, 'destination': (15, 11), 'route_length': 19, 'planner': 'astar', 'bandit_arm': None, 'bandit_reward': None, 'value_estimate': None, 'fallback_reason': None, 'nodes_expanded': 18, 'planning_time_ms': 0.14090538024902344}
2026-10-02 17:55:49,875 | INFO | Thread-2 (_run_capstone) | A* planned robot=1 destination=(15, 11) blocked_dynamic=[(1, 4), (1, 5), (1, 6), (1, 7), (2, 3), (2, 4), (2, 7), (2, 8), (2, 9), (3, 1), (3, 2), (3, 3), (4, 1), (5, 1), (6, 1), (7, 1), (8, 1), (9, 1), (10, 1), (11, 1), (12, 1), (13, 1), (14, 1), (14, 2), (14, 3), (18, 12)] route=[(2, 6), (3, 6), (3, 7), (3, 8), (3, 9), (3, 10), (3, 11), (4, 11), (5, 11), (6, 11), (7, 11), (8, 11), (9, 11), (10, 11), (11, 11), (12, 11), (13, 11), (14, 11), (15, 11)]
2026-10-02 17:55:49,875 | INFO | Thread-2 (_run_capstone) | A* NEXT WAYPOINT robot=1 current=(2, 6) destination=(15, 11) waypoint=(3, 6) remaining_route=[(2, 6), (3, 6), (3, 7), (3, 8), (3, 9), (3, 10), (3, 11), (4, 11), (5, 11), (6, 11), (7, 11), (8, 11), (9, 11), (10, 11), (11, 11), (12, 11), (13, 11), (14, 11), (15, 11)]
2026-10-02 17:55:49,977 | INFO | Thread-2 (_run_capstone) | MOVE REQUEST robot=1 pos=(2, 6) target=(3, 6) conflict_robot=2 conflict_target=None
2026-10-02 17:55:50,078 | INFO | Thread-2 (_run_capstone) | SARSA_ROUTE_MATCH robot=1 action=2 target=(3, 6)
2026-10-02 17:55:50,078 | INFO | Thread-2 (_run_capstone) | EVENT | ROBOT_MOVED | {'robot_id': 1, 'position': (3, 6), 'estimated_position': (3, 6), 'observation': 4, 'battery': 95.0}
2026-10-02 17:55:50,088 | INFO | Thread-2 (_run_capstone) | EVENT | SARSA_ACTION | {'robot_id': 1, 'action': 2, 'proposed_action': 2, 'position': (3, 6), 'target': (3, 6), 'controller': 'SARSA+ASTAR_ROUTE_GUARD'}
2026-10-02 17:55:50,097 | INFO | Thread-2 (_run_capstone) | MOVE RESULT robot=1 ok=True new_pos=(3, 6) battery=95.00 target=(3, 6)
2026-10-02 17:55:50,098 | INFO | Thread-2 (_run_capstone) | ACTIVE_TASK robot=2 task=TASK-001 phase=PICKUP
2026-10-02 17:55:50,098 | INFO | Thread-2 (_run_capstone) | EVENT | ROUTE_PLANNED | {'robot_id': 2, 'destination': (2, 9), 'route_length': 24, 'planner': 'astar', 'bandit_arm': None, 'bandit_reward': None, 'value_estimate': None, 'fallback_reason': None, 'nodes_expanded': 129, 'planning_time_ms': 0.8075237274169922}
2026-10-02 17:55:50,107 | INFO | Thread-2 (_run_capstone) | A* planned robot=2 destination=(2, 9) blocked_dynamic=[(2, 6), (3, 4), (3, 6), (3, 7), (3, 8), (3, 9), (3, 10), (3, 11), (4, 11), (5, 11), (6, 11), (7, 11), (8, 11), (9, 11), (10, 11), (11, 11), (12, 11), (13, 11), (14, 11), (15, 11)] route=[(14, 2), (13, 2), (13, 1), (12, 1), (11, 1), (10, 1), (9, 1), (8, 1), (7, 1), (6, 1), (5, 1), (4, 1), (3, 1), (3, 2), (3, 3), (2, 3), (2, 4), (1, 4), (1, 5), (1, 6), (1, 7), (1, 8), (1, 9), (2, 9)]
2026-10-02 17:55:50,107 | INFO | Thread-2 (_run_capstone) | A* NEXT WAYPOINT robot=2 current=(14, 2) destination=(2, 9) waypoint=(13, 2) remaining_route=[(14, 2), (13, 2), (13, 1), (12, 1), (11, 1), (10, 1), (9, 1), (8, 1), (7, 1), (6, 1), (5, 1), (4, 1), (3, 1), (3, 2), (3, 3), (2, 3), (2, 4), (1, 4), (1, 5), (1, 6), (1, 7), (1, 8), (1, 9), (2, 9)]
2026-10-02 17:55:50,207 | INFO | Thread-2 (_run_capstone) | MOVE REQUEST robot=2 pos=(14, 2) target=(13, 2) conflict_robot=1 conflict_target=None
2026-10-02 17:55:50,308 | INFO | Thread-2 (_run_capstone) | SARSA_ROUTE_MATCH robot=2 action=3 target=(13, 2)
2026-10-02 17:55:50,308 | INFO | Thread-2 (_run_capstone) | EVENT | ROBOT_MOVED | {'robot_id': 2, 'position': (13, 2), 'estimated_position': (13, 2), 'observation': 1, 'battery': 95.0}
2026-10-02 17:55:50,320 | INFO | Thread-2 (_run_capstone) | EVENT | SARSA_ACTION | {'robot_id': 2, 'action': 3, 'proposed_action': 3, 'position': (13, 2), 'target': (13, 2), 'controller': 'SARSA+ASTAR_ROUTE_GUARD'}
2026-10-02 17:55:50,329 | INFO | Thread-2 (_run_capstone) | MOVE RESULT robot=2 ok=True new_pos=(13, 2) battery=95.00 target=(13, 2)
2026-10-02 17:55:50,509 | INFO | Thread-2 (_run_capstone) | ACTIVE_TASK robot=1 task=TASK-002 phase=PICKUP
2026-10-02 17:55:50,510 | INFO | Thread-2 (_run_capstone) | EVENT | ROUTE_PLANNED | {'robot_id': 1, 'destination': (15, 11), 'route_length': 18, 'planner': 'astar', 'bandit_arm': None, 'bandit_reward': None, 'value_estimate': None, 'fallback_reason': None, 'nodes_expanded': 17, 'planning_time_ms': 0.08392333984375}
2026-10-02 17:55:50,519 | INFO | Thread-2 (_run_capstone) | A* planned robot=1 destination=(15, 11) blocked_dynamic=[(1, 4), (1, 5), (1, 6), (1, 7), (1, 8), (1, 9), (2, 3), (2, 4), (2, 9), (3, 1), (3, 2), (3, 3), (4, 1), (5, 1), (6, 1), (7, 1), (8, 1), (9, 1), (10, 1), (11, 1), (12, 1), (13, 1), (13, 2), (14, 2), (18, 12)] route=[(3, 6), (3, 7), (3, 8), (3, 9), (3, 10), (3, 11), (4, 11), (5, 11), (6, 11), (7, 11), (8, 11), (9, 11), (10, 11), (11, 11), (12, 11), (13, 11), (14, 11), (15, 11)]
2026-10-02 17:55:50,519 | INFO | Thread-2 (_run_capstone) | A* NEXT WAYPOINT robot=1 current=(3, 6) destination=(15, 11) waypoint=(3, 7) remaining_route=[(3, 6), (3, 7), (3, 8), (3, 9), (3, 10), (3, 11), (4, 11), (5, 11), (6, 11), (7, 11), (8, 11), (9, 11), (10, 11), (11, 11), (12, 11), (13, 11), (14, 11), (15, 11)]
2026-10-02 17:55:50,622 | INFO | Thread-2 (_run_capstone) | MOVE REQUEST robot=1 pos=(3, 6) target=(3, 7) conflict_robot=2 conflict_target=None
2026-10-02 17:55:50,719 | INFO | Thread-2 (_run_capstone) | SARSA_ROUTE_MATCH robot=1 action=1 target=(3, 7)
2026-10-02 17:55:50,719 | INFO | Thread-2 (_run_capstone) | EVENT | ROBOT_MOVED | {'robot_id': 1, 'position': (3, 7), 'estimated_position': (3, 7), 'observation': 1, 'battery': 94.0}
2026-10-02 17:55:50,728 | INFO | Thread-2 (_run_capstone) | EVENT | SARSA_ACTION | {'robot_id': 1, 'action': 1, 'proposed_action': 1, 'position': (3, 7), 'target': (3, 7), 'controller': 'SARSA+ASTAR_ROUTE_GUARD'}
2026-10-02 17:55:50,736 | INFO | Thread-2 (_run_capstone) | MOVE RESULT robot=1 ok=True new_pos=(3, 7) battery=94.00 target=(3, 7)
2026-10-02 17:55:50,737 | INFO | Thread-2 (_run_capstone) | ACTIVE_TASK robot=2 task=TASK-001 phase=PICKUP
2026-10-02 17:55:50,737 | INFO | Thread-2 (_run_capstone) | EVENT | ROUTE_PLANNED | {'robot_id': 2, 'destination': (2, 9), 'route_length': 21, 'planner': 'astar', 'bandit_arm': None, 'bandit_reward': None, 'value_estimate': None, 'fallback_reason': None, 'nodes_expanded': 82, 'planning_time_ms': 0.28586387634277344}
2026-10-02 17:55:50,744 | INFO | Thread-2 (_run_capstone) | A* planned robot=2 destination=(2, 9) blocked_dynamic=[(3, 4), (3, 6), (3, 7), (3, 8), (3, 9), (3, 10), (3, 11), (4, 11), (5, 11), (6, 11), (7, 11), (8, 11), (9, 11), (10, 11), (11, 11), (12, 11), (13, 11), (14, 11), (15, 11)] route=[(13, 2), (13, 1), (12, 1), (11, 1), (10, 1), (9, 1), (8, 1), (7, 1), (6, 1), (5, 1), (4, 1), (3, 1), (3, 2), (3, 3), (2, 3), (2, 4), (2, 5), (2, 6), (2, 7), (2, 8), (2, 9)]
2026-10-02 17:55:50,744 | INFO | Thread-2 (_run_capstone) | A* NEXT WAYPOINT robot=2 current=(13, 2) destination=(2, 9) waypoint=(13, 1) remaining_route=[(13, 2), (13, 1), (12, 1), (11, 1), (10, 1), (9, 1), (8, 1), (7, 1), (6, 1), (5, 1), (4, 1), (3, 1), (3, 2), (3, 3), (2, 3), (2, 4), (2, 5), (2, 6), (2, 7), (2, 8), (2, 9)]
2026-10-02 17:55:50,844 | INFO | Thread-2 (_run_capstone) | MOVE REQUEST robot=2 pos=(13, 2) target=(13, 1) conflict_robot=1 conflict_target=None
2026-10-02 17:55:50,942 | INFO | Thread-2 (_run_capstone) | SARSA_ROUTE_MATCH robot=2 action=0 target=(13, 1)
2026-10-02 17:55:50,943 | INFO | Thread-2 (_run_capstone) | EVENT | ROBOT_MOVED | {'robot_id': 2, 'position': (13, 1), 'estimated_position': (13, 1), 'observation': 0, 'battery': 94.0}
2026-10-02 17:55:50,952 | INFO | Thread-2 (_run_capstone) | EVENT | SARSA_ACTION | {'robot_id': 2, 'action': 0, 'proposed_action': 0, 'position': (13, 1), 'target': (13, 1), 'controller': 'SARSA+ASTAR_ROUTE_GUARD'}
2026-10-02 17:55:50,961 | INFO | Thread-2 (_run_capstone) | MOVE RESULT robot=2 ok=True new_pos=(13, 1) battery=94.00 target=(13, 1)
2026-10-02 17:55:51,142 | INFO | Thread-2 (_run_capstone) | ACTIVE_TASK robot=1 task=TASK-002 phase=PICKUP
2026-10-02 17:55:51,142 | INFO | Thread-2 (_run_capstone) | EVENT | ROUTE_PLANNED | {'robot_id': 1, 'destination': (15, 11), 'route_length': 17, 'planner': 'astar', 'bandit_arm': None, 'bandit_reward': None, 'value_estimate': None, 'fallback_reason': None, 'nodes_expanded': 16, 'planning_time_ms': 0.10919570922851562}
2026-10-02 17:55:51,151 | INFO | Thread-2 (_run_capstone) | A* planned robot=1 destination=(15, 11) blocked_dynamic=[(2, 3), (2, 4), (2, 5), (2, 6), (2, 7), (2, 8), (2, 9), (3, 1), (3, 2), (3, 3), (4, 1), (5, 1), (6, 1), (7, 1), (8, 1), (9, 1), (10, 1), (11, 1), (12, 1), (13, 1), (13, 2), (18, 12)] route=[(3, 7), (3, 8), (3, 9), (3, 10), (3, 11), (4, 11), (5, 11), (6, 11), (7, 11), (8, 11), (9, 11), (10, 11), (11, 11), (12, 11), (13, 11), (14, 11), (15, 11)]
2026-10-02 17:55:51,151 | INFO | Thread-2 (_run_capstone) | A* NEXT WAYPOINT robot=1 current=(3, 7) destination=(15, 11) waypoint=(3, 8) remaining_route=[(3, 7), (3, 8), (3, 9), (3, 10), (3, 11), (4, 11), (5, 11), (6, 11), (7, 11), (8, 11), (9, 11), (10, 11), (11, 11), (12, 11), (13, 11), (14, 11), (15, 11)]
2026-10-02 17:55:51,250 | INFO | Thread-2 (_run_capstone) | MOVE REQUEST robot=1 pos=(3, 7) target=(3, 8) conflict_robot=2 conflict_target=None
2026-10-02 17:55:51,358 | INFO | Thread-2 (_run_capstone) | SARSA_ROUTE_MATCH robot=1 action=1 target=(3, 8)
2026-10-02 17:55:51,359 | INFO | Thread-2 (_run_capstone) | EVENT | ROBOT_MOVED | {'robot_id': 1, 'position': (3, 8), 'estimated_position': (2, 7), 'observation': 0, 'battery': 93.0}
2026-10-02 17:55:51,371 | INFO | Thread-2 (_run_capstone) | EVENT | SARSA_ACTION | {'robot_id': 1, 'action': 1, 'proposed_action': 1, 'position': (3, 8), 'target': (3, 8), 'controller': 'SARSA+ASTAR_ROUTE_GUARD'}
2026-10-02 17:55:51,379 | INFO | Thread-2 (_run_capstone) | MOVE RESULT robot=1 ok=True new_pos=(3, 8) battery=93.00 target=(3, 8)
2026-10-02 17:55:51,379 | INFO | Thread-2 (_run_capstone) | ACTIVE_TASK robot=2 task=TASK-001 phase=PICKUP
2026-10-02 17:55:51,379 | INFO | Thread-2 (_run_capstone) | EVENT | ROUTE_PLANNED | {'robot_id': 2, 'destination': (2, 9), 'route_length': 20, 'planner': 'astar', 'bandit_arm': None, 'bandit_reward': None, 'value_estimate': None, 'fallback_reason': None, 'nodes_expanded': 49, 'planning_time_ms': 0.15497207641601562}
2026-10-02 17:55:51,387 | INFO | Thread-2 (_run_capstone) | A* planned robot=2 destination=(2, 9) blocked_dynamic=[(3, 4), (3, 7), (3, 8), (3, 9), (3, 10), (3, 11), (4, 11), (5, 11), (6, 11), (7, 11), (8, 11), (9, 11), (10, 11), (11, 11), (12, 11), (13, 11), (14, 11), (15, 11)] route=[(13, 1), (12, 1), (11, 1), (10, 1), (9, 1), (8, 1), (7, 1), (6, 1), (5, 1), (4, 1), (3, 1), (3, 2), (2, 2), (2, 3), (2, 4), (2, 5), (2, 6), (2, 7), (2, 8), (2, 9)]
2026-10-02 17:55:51,387 | INFO | Thread-2 (_run_capstone) | A* NEXT WAYPOINT robot=2 current=(13, 1) destination=(2, 9) waypoint=(12, 1) remaining_route=[(13, 1), (12, 1), (11, 1), (10, 1), (9, 1), (8, 1), (7, 1), (6, 1), (5, 1), (4, 1), (3, 1), (3, 2), (2, 2), (2, 3), (2, 4), (2, 5), (2, 6), (2, 7), (2, 8), (2, 9)]
2026-10-02 17:55:51,495 | INFO | Thread-2 (_run_capstone) | MOVE REQUEST robot=2 pos=(13, 1) target=(12, 1) conflict_robot=1 conflict_target=None
2026-10-02 17:55:51,598 | INFO | Thread-2 (_run_capstone) | SARSA_ROUTE_MATCH robot=2 action=3 target=(12, 1)
2026-10-02 17:55:51,599 | INFO | Thread-2 (_run_capstone) | EVENT | ROBOT_MOVED | {'robot_id': 2, 'position': (12, 1), 'estimated_position': (12, 1), 'observation': 1, 'battery': 93.0}
2026-10-02 17:55:51,610 | INFO | Thread-2 (_run_capstone) | EVENT | SARSA_ACTION | {'robot_id': 2, 'action': 3, 'proposed_action': 3, 'position': (12, 1), 'target': (12, 1), 'controller': 'SARSA+ASTAR_ROUTE_GUARD'}
2026-10-02 17:55:51,618 | INFO | Thread-2 (_run_capstone) | MOVE RESULT robot=2 ok=True new_pos=(12, 1) battery=93.00 target=(12, 1)
2026-10-02 17:55:51,798 | INFO | Thread-2 (_run_capstone) | ACTIVE_TASK robot=1 task=TASK-002 phase=PICKUP
2026-10-02 17:55:51,798 | INFO | Thread-2 (_run_capstone) | EVENT | ROUTE_PLANNED | {'robot_id': 1, 'destination': (15, 11), 'route_length': 16, 'planner': 'astar', 'bandit_arm': None, 'bandit_reward': None, 'value_estimate': None, 'fallback_reason': None, 'nodes_expanded': 15, 'planning_time_ms': 0.06818771362304688}
2026-10-02 17:55:51,808 | INFO | Thread-2 (_run_capstone) | A* planned robot=1 destination=(15, 11) blocked_dynamic=[(2, 2), (2, 3), (2, 4), (2, 5), (2, 6), (2, 7), (2, 8), (2, 9), (3, 1), (3, 2), (4, 1), (5, 1), (6, 1), (7, 1), (8, 1), (9, 1), (10, 1), (11, 1), (12, 1), (13, 1), (18, 12)] route=[(3, 8), (3, 9), (3, 10), (3, 11), (4, 11), (5, 11), (6, 11), (7, 11), (8, 11), (9, 11), (10, 11), (11, 11), (12, 11), (13, 11), (14, 11), (15, 11)]
2026-10-02 17:55:51,808 | INFO | Thread-2 (_run_capstone) | A* NEXT WAYPOINT robot=1 current=(3, 8) destination=(15, 11) waypoint=(3, 9) remaining_route=[(3, 8), (3, 9), (3, 10), (3, 11), (4, 11), (5, 11), (6, 11), (7, 11), (8, 11), (9, 11), (10, 11), (11, 11), (12, 11), (13, 11), (14, 11), (15, 11)]
2026-10-02 17:55:51,911 | INFO | Thread-2 (_run_capstone) | MOVE REQUEST robot=1 pos=(3, 8) target=(3, 9) conflict_robot=2 conflict_target=None
2026-10-02 17:55:52,005 | INFO | Thread-2 (_run_capstone) | SARSA_ROUTE_MATCH robot=1 action=1 target=(3, 9)
2026-10-02 17:55:52,005 | INFO | Thread-2 (_run_capstone) | EVENT | ROBOT_MOVED | {'robot_id': 1, 'position': (3, 9), 'estimated_position': (3, 9), 'observation': 1, 'battery': 92.0}
2026-10-02 17:55:52,017 | INFO | Thread-2 (_run_capstone) | EVENT | SARSA_ACTION | {'robot_id': 1, 'action': 1, 'proposed_action': 1, 'position': (3, 9), 'target': (3, 9), 'controller': 'SARSA+ASTAR_ROUTE_GUARD'}
2026-10-02 17:55:52,025 | INFO | Thread-2 (_run_capstone) | MOVE RESULT robot=1 ok=True new_pos=(3, 9) battery=92.00 target=(3, 9)
2026-10-02 17:55:52,026 | INFO | Thread-2 (_run_capstone) | ACTIVE_TASK robot=2 task=TASK-001 phase=PICKUP
2026-10-02 17:55:52,026 | INFO | Thread-2 (_run_capstone) | EVENT | ROUTE_PLANNED | {'robot_id': 2, 'destination': (2, 9), 'route_length': 19, 'planner': 'astar', 'bandit_arm': None, 'bandit_reward': None, 'value_estimate': None, 'fallback_reason': None, 'nodes_expanded': 40, 'planning_time_ms': 0.19407272338867188}
2026-10-02 17:55:52,033 | INFO | Thread-2 (_run_capstone) | A* planned robot=2 destination=(2, 9) blocked_dynamic=[(3, 4), (3, 8), (3, 9), (3, 10), (3, 11), (4, 11), (5, 11), (6, 11), (7, 11), (8, 11), (9, 11), (10, 11), (11, 11), (12, 11), (13, 11), (14, 11), (15, 11)] route=[(12, 1), (11, 1), (10, 1), (9, 1), (8, 1), (7, 1), (6, 1), (5, 1), (4, 1), (3, 1), (2, 1), (2, 2), (2, 3), (2, 4), (2, 5), (2, 6), (2, 7), (2, 8), (2, 9)]
2026-10-02 17:55:52,034 | INFO | Thread-2 (_run_capstone) | A* NEXT WAYPOINT robot=2 current=(12, 1) destination=(2, 9) waypoint=(11, 1) remaining_route=[(12, 1), (11, 1), (10, 1), (9, 1), (8, 1), (7, 1), (6, 1), (5, 1), (4, 1), (3, 1), (2, 1), (2, 2), (2, 3), (2, 4), (2, 5), (2, 6), (2, 7), (2, 8), (2, 9)]
2026-10-02 17:55:52,128 | INFO | Thread-2 (_run_capstone) | MOVE REQUEST robot=2 pos=(12, 1) target=(11, 1) conflict_robot=1 conflict_target=None
2026-10-02 17:55:52,226 | INFO | Thread-2 (_run_capstone) | SARSA_ROUTE_MATCH robot=2 action=3 target=(11, 1)
2026-10-02 17:55:52,226 | INFO | Thread-2 (_run_capstone) | EVENT | ROBOT_MOVED | {'robot_id': 2, 'position': (11, 1), 'estimated_position': (11, 1), 'observation': 1, 'battery': 92.0}
2026-10-02 17:55:52,235 | INFO | Thread-2 (_run_capstone) | EVENT | SARSA_ACTION | {'robot_id': 2, 'action': 3, 'proposed_action': 3, 'position': (11, 1), 'target': (11, 1), 'controller': 'SARSA+ASTAR_ROUTE_GUARD'}
2026-10-02 17:55:52,243 | INFO | Thread-2 (_run_capstone) | MOVE RESULT robot=2 ok=True new_pos=(11, 1) battery=92.00 target=(11, 1)
2026-10-02 17:55:52,424 | INFO | Thread-2 (_run_capstone) | ACTIVE_TASK robot=1 task=TASK-002 phase=PICKUP
2026-10-02 17:55:52,424 | INFO | Thread-2 (_run_capstone) | EVENT | ROUTE_PLANNED | {'robot_id': 1, 'destination': (15, 11), 'route_length': 15, 'planner': 'astar', 'bandit_arm': None, 'bandit_reward': None, 'value_estimate': None, 'fallback_reason': None, 'nodes_expanded': 14, 'planning_time_ms': 0.07510185241699219}
2026-10-02 17:55:52,432 | INFO | Thread-2 (_run_capstone) | A* planned robot=1 destination=(15, 11) blocked_dynamic=[(2, 1), (2, 2), (2, 3), (2, 4), (2, 5), (2, 6), (2, 7), (2, 8), (2, 9), (3, 1), (4, 1), (5, 1), (6, 1), (7, 1), (8, 1), (9, 1), (10, 1), (11, 1), (12, 1), (18, 12)] route=[(3, 9), (3, 10), (3, 11), (4, 11), (5, 11), (6, 11), (7, 11), (8, 11), (9, 11), (10, 11), (11, 11), (12, 11), (13, 11), (14, 11), (15, 11)]
2026-10-02 17:55:52,432 | INFO | Thread-2 (_run_capstone) | A* NEXT WAYPOINT robot=1 current=(3, 9) destination=(15, 11) waypoint=(3, 10) remaining_route=[(3, 9), (3, 10), (3, 11), (4, 11), (5, 11), (6, 11), (7, 11), (8, 11), (9, 11), (10, 11), (11, 11), (12, 11), (13, 11), (14, 11), (15, 11)]
2026-10-02 17:55:52,532 | INFO | Thread-2 (_run_capstone) | MOVE REQUEST robot=1 pos=(3, 9) target=(3, 10) conflict_robot=2 conflict_target=None
2026-10-02 17:55:52,634 | INFO | Thread-2 (_run_capstone) | SARSA_ROUTE_MATCH robot=1 action=1 target=(3, 10)
2026-10-02 17:55:52,635 | INFO | Thread-2 (_run_capstone) | EVENT | ROBOT_MOVED | {'robot_id': 1, 'position': (3, 10), 'estimated_position': (3, 10), 'observation': 3, 'battery': 91.0}
2026-10-02 17:55:52,645 | INFO | Thread-2 (_run_capstone) | EVENT | SARSA_ACTION | {'robot_id': 1, 'action': 1, 'proposed_action': 1, 'position': (3, 10), 'target': (3, 10), 'controller': 'SARSA+ASTAR_ROUTE_GUARD'}
2026-10-02 17:55:52,652 | INFO | Thread-2 (_run_capstone) | MOVE RESULT robot=1 ok=True new_pos=(3, 10) battery=91.00 target=(3, 10)
2026-10-02 17:55:52,652 | INFO | Thread-2 (_run_capstone) | ACTIVE_TASK robot=2 task=TASK-001 phase=PICKUP
2026-10-02 17:55:52,652 | INFO | Thread-2 (_run_capstone) | EVENT | ROUTE_PLANNED | {'robot_id': 2, 'destination': (2, 9), 'route_length': 18, 'planner': 'astar', 'bandit_arm': None, 'bandit_reward': None, 'value_estimate': None, 'fallback_reason': None, 'nodes_expanded': 39, 'planning_time_ms': 0.3554821014404297}
2026-10-02 17:55:52,660 | INFO | Thread-2 (_run_capstone) | A* planned robot=2 destination=(2, 9) blocked_dynamic=[(3, 4), (3, 9), (3, 10), (3, 11), (4, 11), (5, 11), (6, 11), (7, 11), (8, 11), (9, 11), (10, 11), (11, 11), (12, 11), (13, 11), (14, 11), (15, 11)] route=[(11, 1), (10, 1), (9, 1), (8, 1), (7, 1), (6, 1), (5, 1), (4, 1), (3, 1), (3, 2), (3, 3), (2, 3), (2, 4), (2, 5), (2, 6), (2, 7), (2, 8), (2, 9)]
2026-10-02 17:55:52,660 | INFO | Thread-2 (_run_capstone) | A* NEXT WAYPOINT robot=2 current=(11, 1) destination=(2, 9) waypoint=(10, 1) remaining_route=[(11, 1), (10, 1), (9, 1), (8, 1), (7, 1), (6, 1), (5, 1), (4, 1), (3, 1), (3, 2), (3, 3), (2, 3), (2, 4), (2, 5), (2, 6), (2, 7), (2, 8), (2, 9)]
2026-10-02 17:55:52,757 | INFO | Thread-2 (_run_capstone) | MOVE REQUEST robot=2 pos=(11, 1) target=(10, 1) conflict_robot=1 conflict_target=None
2026-10-02 17:55:52,857 | INFO | Thread-2 (_run_capstone) | SARSA_ROUTE_MATCH robot=2 action=3 target=(10, 1)
2026-10-02 17:55:52,858 | INFO | Thread-2 (_run_capstone) | EVENT | ROBOT_MOVED | {'robot_id': 2, 'position': (10, 1), 'estimated_position': (10, 1), 'observation': 1, 'battery': 91.0}
2026-10-02 17:55:52,867 | INFO | Thread-2 (_run_capstone) | EVENT | SARSA_ACTION | {'robot_id': 2, 'action': 3, 'proposed_action': 3, 'position': (10, 1), 'target': (10, 1), 'controller': 'SARSA+ASTAR_ROUTE_GUARD'}
2026-10-02 17:55:52,876 | INFO | Thread-2 (_run_capstone) | MOVE RESULT robot=2 ok=True new_pos=(10, 1) battery=91.00 target=(10, 1)
2026-10-02 17:55:53,057 | INFO | Thread-2 (_run_capstone) | ACTIVE_TASK robot=1 task=TASK-002 phase=PICKUP
2026-10-02 17:55:53,057 | INFO | Thread-2 (_run_capstone) | EVENT | ROUTE_PLANNED | {'robot_id': 1, 'destination': (15, 11), 'route_length': 14, 'planner': 'astar', 'bandit_arm': None, 'bandit_reward': None, 'value_estimate': None, 'fallback_reason': None, 'nodes_expanded': 13, 'planning_time_ms': 0.1125335693359375}
2026-10-02 17:55:53,067 | INFO | Thread-2 (_run_capstone) | A* planned robot=1 destination=(15, 11) blocked_dynamic=[(2, 3), (2, 4), (2, 5), (2, 6), (2, 7), (2, 8), (2, 9), (3, 1), (3, 2), (3, 3), (4, 1), (5, 1), (6, 1), (7, 1), (8, 1), (9, 1), (10, 1), (11, 1), (18, 12)] route=[(3, 10), (3, 11), (4, 11), (5, 11), (6, 11), (7, 11), (8, 11), (9, 11), (10, 11), (11, 11), (12, 11), (13, 11), (14, 11), (15, 11)]
2026-10-02 17:55:53,067 | INFO | Thread-2 (_run_capstone) | A* NEXT WAYPOINT robot=1 current=(3, 10) destination=(15, 11) waypoint=(3, 11) remaining_route=[(3, 10), (3, 11), (4, 11), (5, 11), (6, 11), (7, 11), (8, 11), (9, 11), (10, 11), (11, 11), (12, 11), (13, 11), (14, 11), (15, 11)]
2026-10-02 17:55:53,164 | INFO | Thread-2 (_run_capstone) | MOVE REQUEST robot=1 pos=(3, 10) target=(3, 11) conflict_robot=2 conflict_target=None
2026-10-02 17:55:53,264 | INFO | Thread-2 (_run_capstone) | SARSA_ROUTE_MATCH robot=1 action=1 target=(3, 11)
2026-10-02 17:55:53,264 | INFO | Thread-2 (_run_capstone) | EVENT | ROBOT_MOVED | {'robot_id': 1, 'position': (3, 11), 'estimated_position': (3, 11), 'observation': 2, 'battery': 90.0}
2026-10-02 17:55:53,276 | INFO | Thread-2 (_run_capstone) | EVENT | SARSA_ACTION | {'robot_id': 1, 'action': 1, 'proposed_action': 1, 'position': (3, 11), 'target': (3, 11), 'controller': 'SARSA+ASTAR_ROUTE_GUARD'}
2026-10-02 17:55:53,285 | INFO | Thread-2 (_run_capstone) | MOVE RESULT robot=1 ok=True new_pos=(3, 11) battery=90.00 target=(3, 11)
2026-10-02 17:55:53,285 | INFO | Thread-2 (_run_capstone) | ACTIVE_TASK robot=2 task=TASK-001 phase=PICKUP
2026-10-02 17:55:53,285 | INFO | Thread-2 (_run_capstone) | EVENT | ROUTE_PLANNED | {'robot_id': 2, 'destination': (2, 9), 'route_length': 17, 'planner': 'astar', 'bandit_arm': None, 'bandit_reward': None, 'value_estimate': None, 'fallback_reason': None, 'nodes_expanded': 38, 'planning_time_ms': 0.23245811462402344}
2026-10-02 17:55:53,293 | INFO | Thread-2 (_run_capstone) | A* planned robot=2 destination=(2, 9) blocked_dynamic=[(3, 4), (3, 10), (3, 11), (4, 11), (5, 11), (6, 11), (7, 11), (8, 11), (9, 11), (10, 11), (11, 11), (12, 11), (13, 11), (14, 11), (15, 11)] route=[(10, 1), (9, 1), (8, 1), (7, 1), (6, 1), (5, 1), (4, 1), (3, 1), (2, 1), (2, 2), (2, 3), (2, 4), (2, 5), (2, 6), (2, 7), (2, 8), (2, 9)]
2026-10-02 17:55:53,293 | INFO | Thread-2 (_run_capstone) | A* NEXT WAYPOINT robot=2 current=(10, 1) destination=(2, 9) waypoint=(9, 1) remaining_route=[(10, 1), (9, 1), (8, 1), (7, 1), (6, 1), (5, 1), (4, 1), (3, 1), (2, 1), (2, 2), (2, 3), (2, 4), (2, 5), (2, 6), (2, 7), (2, 8), (2, 9)]
2026-10-02 17:55:53,387 | INFO | Thread-2 (_run_capstone) | MOVE REQUEST robot=2 pos=(10, 1) target=(9, 1) conflict_robot=1 conflict_target=None
2026-10-02 17:55:53,482 | INFO | Thread-2 (_run_capstone) | SARSA_ROUTE_MATCH robot=2 action=3 target=(9, 1)
2026-10-02 17:55:53,482 | INFO | Thread-2 (_run_capstone) | EVENT | ROBOT_MOVED | {'robot_id': 2, 'position': (9, 1), 'estimated_position': (9, 1), 'observation': 1, 'battery': 90.0}
2026-10-02 17:55:53,494 | INFO | Thread-2 (_run_capstone) | EVENT | SARSA_ACTION | {'robot_id': 2, 'action': 3, 'proposed_action': 3, 'position': (9, 1), 'target': (9, 1), 'controller': 'SARSA+ASTAR_ROUTE_GUARD'}
2026-10-02 17:55:53,502 | INFO | Thread-2 (_run_capstone) | MOVE RESULT robot=2 ok=True new_pos=(9, 1) battery=90.00 target=(9, 1)
2026-10-02 17:55:53,683 | INFO | Thread-2 (_run_capstone) | ACTIVE_TASK robot=1 task=TASK-002 phase=PICKUP
2026-10-02 17:55:53,683 | INFO | Thread-2 (_run_capstone) | EVENT | ROUTE_PLANNED | {'robot_id': 1, 'destination': (15, 11), 'route_length': 13, 'planner': 'astar', 'bandit_arm': None, 'bandit_reward': None, 'value_estimate': None, 'fallback_reason': None, 'nodes_expanded': 12, 'planning_time_ms': 0.09870529174804688}
2026-10-02 17:55:53,691 | INFO | Thread-2 (_run_capstone) | A* planned robot=1 destination=(15, 11) blocked_dynamic=[(2, 1), (2, 2), (2, 3), (2, 4), (2, 5), (2, 6), (2, 7), (2, 8), (2, 9), (3, 1), (4, 1), (5, 1), (6, 1), (7, 1), (8, 1), (9, 1), (10, 1), (18, 12)] route=[(3, 11), (4, 11), (5, 11), (6, 11), (7, 11), (8, 11), (9, 11), (10, 11), (11, 11), (12, 11), (13, 11), (14, 11), (15, 11)]
2026-10-02 17:55:53,691 | INFO | Thread-2 (_run_capstone) | A* NEXT WAYPOINT robot=1 current=(3, 11) destination=(15, 11) waypoint=(4, 11) remaining_route=[(3, 11), (4, 11), (5, 11), (6, 11), (7, 11), (8, 11), (9, 11), (10, 11), (11, 11), (12, 11), (13, 11), (14, 11), (15, 11)]
2026-10-02 17:55:53,791 | INFO | Thread-2 (_run_capstone) | MOVE REQUEST robot=1 pos=(3, 11) target=(4, 11) conflict_robot=2 conflict_target=None
2026-10-02 17:55:53,897 | INFO | Thread-2 (_run_capstone) | SARSA_ROUTE_MATCH robot=1 action=2 target=(4, 11)
2026-10-02 17:55:53,897 | INFO | Thread-2 (_run_capstone) | EVENT | ROBOT_MOVED | {'robot_id': 1, 'position': (4, 11), 'estimated_position': (4, 11), 'observation': 2, 'battery': 89.0}
2026-10-02 17:55:53,906 | INFO | Thread-2 (_run_capstone) | EVENT | SARSA_ACTION | {'robot_id': 1, 'action': 2, 'proposed_action': 2, 'position': (4, 11), 'target': (4, 11), 'controller': 'SARSA+ASTAR_ROUTE_GUARD'}
2026-10-02 17:55:53,914 | INFO | Thread-2 (_run_capstone) | MOVE RESULT robot=1 ok=True new_pos=(4, 11) battery=89.00 target=(4, 11)
2026-10-02 17:55:53,914 | INFO | Thread-2 (_run_capstone) | ACTIVE_TASK robot=2 task=TASK-001 phase=PICKUP
2026-10-02 17:55:53,914 | INFO | Thread-2 (_run_capstone) | EVENT | ROUTE_PLANNED | {'robot_id': 2, 'destination': (2, 9), 'route_length': 16, 'planner': 'astar', 'bandit_arm': None, 'bandit_reward': None, 'value_estimate': None, 'fallback_reason': None, 'nodes_expanded': 37, 'planning_time_ms': 0.12445449829101562}
2026-10-02 17:55:53,922 | INFO | Thread-2 (_run_capstone) | A* planned robot=2 destination=(2, 9) blocked_dynamic=[(3, 4), (3, 11), (4, 11), (5, 11), (6, 11), (7, 11), (8, 11), (9, 11), (10, 11), (11, 11), (12, 11), (13, 11), (14, 11), (15, 11)] route=[(9, 1), (8, 1), (7, 1), (6, 1), (5, 1), (4, 1), (3, 1), (3, 2), (3, 3), (2, 3), (2, 4), (2, 5), (2, 6), (2, 7), (2, 8), (2, 9)]
2026-10-02 17:55:53,922 | INFO | Thread-2 (_run_capstone) | A* NEXT WAYPOINT robot=2 current=(9, 1) destination=(2, 9) waypoint=(8, 1) remaining_route=[(9, 1), (8, 1), (7, 1), (6, 1), (5, 1), (4, 1), (3, 1), (3, 2), (3, 3), (2, 3), (2, 4), (2, 5), (2, 6), (2, 7), (2, 8), (2, 9)]
2026-10-02 17:55:54,019 | INFO | Thread-2 (_run_capstone) | MOVE REQUEST robot=2 pos=(9, 1) target=(8, 1) conflict_robot=1 conflict_target=None
2026-10-02 17:55:54,112 | INFO | Thread-2 (_run_capstone) | SARSA_ROUTE_MATCH robot=2 action=3 target=(8, 1)
2026-10-02 17:55:54,113 | INFO | Thread-2 (_run_capstone) | EVENT | ROBOT_MOVED | {'robot_id': 2, 'position': (8, 1), 'estimated_position': (8, 1), 'observation': 4, 'battery': 89.0}
2026-10-02 17:55:54,124 | INFO | Thread-2 (_run_capstone) | EVENT | SARSA_ACTION | {'robot_id': 2, 'action': 3, 'proposed_action': 3, 'position': (8, 1), 'target': (8, 1), 'controller': 'SARSA+ASTAR_ROUTE_GUARD'}
2026-10-02 17:55:54,133 | INFO | Thread-2 (_run_capstone) | MOVE RESULT robot=2 ok=True new_pos=(8, 1) battery=89.00 target=(8, 1)
2026-10-02 17:55:54,314 | INFO | Thread-2 (_run_capstone) | ACTIVE_TASK robot=1 task=TASK-002 phase=PICKUP
2026-10-02 17:55:54,314 | INFO | Thread-2 (_run_capstone) | EVENT | ROUTE_PLANNED | {'robot_id': 1, 'destination': (15, 11), 'route_length': 12, 'planner': 'astar', 'bandit_arm': None, 'bandit_reward': None, 'value_estimate': None, 'fallback_reason': None, 'nodes_expanded': 11, 'planning_time_ms': 0.11897087097167969}
2026-10-02 17:55:54,329 | INFO | Thread-2 (_run_capstone) | A* planned robot=1 destination=(15, 11) blocked_dynamic=[(2, 3), (2, 4), (2, 5), (2, 6), (2, 7), (2, 8), (2, 9), (3, 1), (3, 2), (3, 3), (4, 1), (5, 1), (6, 1), (7, 1), (8, 1), (9, 1), (18, 12)] route=[(4, 11), (5, 11), (6, 11), (7, 11), (8, 11), (9, 11), (10, 11), (11, 11), (12, 11), (13, 11), (14, 11), (15, 11)]
2026-10-02 17:55:54,330 | INFO | Thread-2 (_run_capstone) | A* NEXT WAYPOINT robot=1 current=(4, 11) destination=(15, 11) waypoint=(5, 11) remaining_route=[(4, 11), (5, 11), (6, 11), (7, 11), (8, 11), (9, 11), (10, 11), (11, 11), (12, 11), (13, 11), (14, 11), (15, 11)]
2026-10-02 17:55:54,431 | INFO | Thread-2 (_run_capstone) | MOVE REQUEST robot=1 pos=(4, 11) target=(5, 11) conflict_robot=2 conflict_target=None
2026-10-02 17:55:54,523 | INFO | Thread-2 (_run_capstone) | SARSA_ROUTE_MATCH robot=1 action=2 target=(5, 11)
2026-10-02 17:55:54,524 | INFO | Thread-2 (_run_capstone) | EVENT | ROBOT_MOVED | {'robot_id': 1, 'position': (5, 11), 'estimated_position': (5, 11), 'observation': 1, 'battery': 88.0}
2026-10-02 17:55:54,537 | INFO | Thread-2 (_run_capstone) | EVENT | SARSA_ACTION | {'robot_id': 1, 'action': 2, 'proposed_action': 2, 'position': (5, 11), 'target': (5, 11), 'controller': 'SARSA+ASTAR_ROUTE_GUARD'}
2026-10-02 17:55:54,546 | INFO | Thread-2 (_run_capstone) | MOVE RESULT robot=1 ok=True new_pos=(5, 11) battery=88.00 target=(5, 11)
2026-10-02 17:55:54,546 | INFO | Thread-2 (_run_capstone) | ACTIVE_TASK robot=2 task=TASK-001 phase=PICKUP
2026-10-02 17:55:54,547 | INFO | Thread-2 (_run_capstone) | EVENT | ROUTE_PLANNED | {'robot_id': 2, 'destination': (2, 9), 'route_length': 15, 'planner': 'astar', 'bandit_arm': None, 'bandit_reward': None, 'value_estimate': None, 'fallback_reason': None, 'nodes_expanded': 35, 'planning_time_ms': 0.17762184143066406}
2026-10-02 17:55:54,556 | INFO | Thread-2 (_run_capstone) | A* planned robot=2 destination=(2, 9) blocked_dynamic=[(3, 4), (4, 11), (5, 11), (6, 11), (7, 11), (8, 11), (9, 11), (10, 11), (11, 11), (12, 11), (13, 11), (14, 11), (15, 11)] route=[(8, 1), (7, 1), (6, 1), (5, 1), (4, 1), (3, 1), (3, 2), (2, 2), (2, 3), (2, 4), (2, 5), (2, 6), (2, 7), (2, 8), (2, 9)]
2026-10-02 17:55:54,556 | INFO | Thread-2 (_run_capstone) | A* NEXT WAYPOINT robot=2 current=(8, 1) destination=(2, 9) waypoint=(7, 1) remaining_route=[(8, 1), (7, 1), (6, 1), (5, 1), (4, 1), (3, 1), (3, 2), (2, 2), (2, 3), (2, 4), (2, 5), (2, 6), (2, 7), (2, 8), (2, 9)]
2026-10-02 17:55:54,654 | INFO | Thread-2 (_run_capstone) | MOVE REQUEST robot=2 pos=(8, 1) target=(7, 1) conflict_robot=1 conflict_target=None
2026-10-02 17:55:54,754 | INFO | Thread-2 (_run_capstone) | SARSA_ROUTE_MATCH robot=2 action=3 target=(7, 1)
2026-10-02 17:55:54,754 | INFO | Thread-2 (_run_capstone) | EVENT | ROBOT_MOVED | {'robot_id': 2, 'position': (7, 1), 'estimated_position': (7, 1), 'observation': 0, 'battery': 88.0}
2026-10-02 17:55:54,768 | INFO | Thread-2 (_run_capstone) | EVENT | SARSA_ACTION | {'robot_id': 2, 'action': 3, 'proposed_action': 3, 'position': (7, 1), 'target': (7, 1), 'controller': 'SARSA+ASTAR_ROUTE_GUARD'}
2026-10-02 17:55:54,778 | INFO | Thread-2 (_run_capstone) | MOVE RESULT robot=2 ok=True new_pos=(7, 1) battery=88.00 target=(7, 1)
2026-10-02 17:55:54,959 | INFO | Thread-2 (_run_capstone) | ACTIVE_TASK robot=1 task=TASK-002 phase=PICKUP
2026-10-02 17:55:54,959 | INFO | Thread-2 (_run_capstone) | EVENT | ROUTE_PLANNED | {'robot_id': 1, 'destination': (15, 11), 'route_length': 11, 'planner': 'astar', 'bandit_arm': None, 'bandit_reward': None, 'value_estimate': None, 'fallback_reason': None, 'nodes_expanded': 10, 'planning_time_ms': 0.09512901306152344}
2026-10-02 17:55:54,974 | INFO | Thread-2 (_run_capstone) | A* planned robot=1 destination=(15, 11) blocked_dynamic=[(2, 2), (2, 3), (2, 4), (2, 5), (2, 6), (2, 7), (2, 8), (2, 9), (3, 1), (3, 2), (4, 1), (5, 1), (6, 1), (7, 1), (8, 1), (18, 12)] route=[(5, 11), (6, 11), (7, 11), (8, 11), (9, 11), (10, 11), (11, 11), (12, 11), (13, 11), (14, 11), (15, 11)]
2026-10-02 17:55:54,974 | INFO | Thread-2 (_run_capstone) | A* NEXT WAYPOINT robot=1 current=(5, 11) destination=(15, 11) waypoint=(6, 11) remaining_route=[(5, 11), (6, 11), (7, 11), (8, 11), (9, 11), (10, 11), (11, 11), (12, 11), (13, 11), (14, 11), (15, 11)]
2026-10-02 17:55:55,074 | INFO | Thread-2 (_run_capstone) | MOVE REQUEST robot=1 pos=(5, 11) target=(6, 11) conflict_robot=2 conflict_target=None
2026-10-02 17:55:55,171 | INFO | Thread-2 (_run_capstone) | SARSA_ROUTE_MATCH robot=1 action=2 target=(6, 11)
2026-10-02 17:55:55,171 | INFO | Thread-2 (_run_capstone) | EVENT | ROBOT_MOVED | {'robot_id': 1, 'position': (6, 11), 'estimated_position': (6, 11), 'observation': 3, 'battery': 87.0}
2026-10-02 17:55:55,185 | INFO | Thread-2 (_run_capstone) | EVENT | SARSA_ACTION | {'robot_id': 1, 'action': 2, 'proposed_action': 2, 'position': (6, 11), 'target': (6, 11), 'controller': 'SARSA+ASTAR_ROUTE_GUARD'}
2026-10-02 17:55:55,194 | INFO | Thread-2 (_run_capstone) | MOVE RESULT robot=1 ok=True new_pos=(6, 11) battery=87.00 target=(6, 11)
2026-10-02 17:55:55,194 | INFO | Thread-2 (_run_capstone) | ACTIVE_TASK robot=2 task=TASK-001 phase=PICKUP
2026-10-02 17:55:55,195 | INFO | Thread-2 (_run_capstone) | EVENT | ROUTE_PLANNED | {'robot_id': 2, 'destination': (2, 9), 'route_length': 14, 'planner': 'astar', 'bandit_arm': None, 'bandit_reward': None, 'value_estimate': None, 'fallback_reason': None, 'nodes_expanded': 31, 'planning_time_ms': 0.1163482666015625}
2026-10-02 17:55:55,204 | INFO | Thread-2 (_run_capstone) | A* planned robot=2 destination=(2, 9) blocked_dynamic=[(3, 4), (5, 11), (6, 11), (7, 11), (8, 11), (9, 11), (10, 11), (11, 11), (12, 11), (13, 11), (14, 11), (15, 11)] route=[(7, 1), (6, 1), (5, 1), (4, 1), (3, 1), (2, 1), (2, 2), (2, 3), (2, 4), (2, 5), (2, 6), (2, 7), (2, 8), (2, 9)]
2026-10-02 17:55:55,204 | INFO | Thread-2 (_run_capstone) | A* NEXT WAYPOINT robot=2 current=(7, 1) destination=(2, 9) waypoint=(6, 1) remaining_route=[(7, 1), (6, 1), (5, 1), (4, 1), (3, 1), (2, 1), (2, 2), (2, 3), (2, 4), (2, 5), (2, 6), (2, 7), (2, 8), (2, 9)]
2026-10-02 17:55:55,303 | INFO | Thread-2 (_run_capstone) | MOVE REQUEST robot=2 pos=(7, 1) target=(6, 1) conflict_robot=1 conflict_target=None
2026-10-02 17:55:55,404 | INFO | Thread-2 (_run_capstone) | SARSA_ROUTE_MATCH robot=2 action=3 target=(6, 1)
2026-10-02 17:55:55,404 | INFO | Thread-2 (_run_capstone) | EVENT | ROBOT_MOVED | {'robot_id': 2, 'position': (6, 1), 'estimated_position': (6, 1), 'observation': 0, 'battery': 87.0}
2026-10-02 17:55:55,414 | INFO | Thread-2 (_run_capstone) | EVENT | SARSA_ACTION | {'robot_id': 2, 'action': 3, 'proposed_action': 3, 'position': (6, 1), 'target': (6, 1), 'controller': 'SARSA+ASTAR_ROUTE_GUARD'}
2026-10-02 17:55:55,423 | INFO | Thread-2 (_run_capstone) | MOVE RESULT robot=2 ok=True new_pos=(6, 1) battery=87.00 target=(6, 1)
2026-10-02 17:55:55,604 | INFO | Thread-2 (_run_capstone) | ACTIVE_TASK robot=1 task=TASK-002 phase=PICKUP
2026-10-02 17:55:55,604 | INFO | Thread-2 (_run_capstone) | EVENT | ROUTE_PLANNED | {'robot_id': 1, 'destination': (15, 11), 'route_length': 10, 'planner': 'astar', 'bandit_arm': None, 'bandit_reward': None, 'value_estimate': None, 'fallback_reason': None, 'nodes_expanded': 9, 'planning_time_ms': 0.05269050598144531}
2026-10-02 17:55:55,614 | INFO | Thread-2 (_run_capstone) | A* planned robot=1 destination=(15, 11) blocked_dynamic=[(2, 1), (2, 2), (2, 3), (2, 4), (2, 5), (2, 6), (2, 7), (2, 8), (2, 9), (3, 1), (4, 1), (5, 1), (6, 1), (7, 1), (18, 12)] route=[(6, 11), (7, 11), (8, 11), (9, 11), (10, 11), (11, 11), (12, 11), (13, 11), (14, 11), (15, 11)]
2026-10-02 17:55:55,614 | INFO | Thread-2 (_run_capstone) | A* NEXT WAYPOINT robot=1 current=(6, 11) destination=(15, 11) waypoint=(7, 11) remaining_route=[(6, 11), (7, 11), (8, 11), (9, 11), (10, 11), (11, 11), (12, 11), (13, 11), (14, 11), (15, 11)]
2026-10-02 17:55:55,715 | INFO | Thread-2 (_run_capstone) | MOVE REQUEST robot=1 pos=(6, 11) target=(7, 11) conflict_robot=2 conflict_target=None
2026-10-02 17:55:55,812 | INFO | Thread-2 (_run_capstone) | SARSA_ROUTE_MATCH robot=1 action=2 target=(7, 11)
2026-10-02 17:55:55,812 | INFO | Thread-2 (_run_capstone) | EVENT | ROBOT_MOVED | {'robot_id': 1, 'position': (7, 11), 'estimated_position': (7, 11), 'observation': 1, 'battery': 86.0}
2026-10-02 17:55:55,825 | INFO | Thread-2 (_run_capstone) | EVENT | SARSA_ACTION | {'robot_id': 1, 'action': 2, 'proposed_action': 2, 'position': (7, 11), 'target': (7, 11), 'controller': 'SARSA+ASTAR_ROUTE_GUARD'}
2026-10-02 17:55:55,833 | INFO | Thread-2 (_run_capstone) | MOVE RESULT robot=1 ok=True new_pos=(7, 11) battery=86.00 target=(7, 11)
2026-10-02 17:55:55,833 | INFO | Thread-2 (_run_capstone) | ACTIVE_TASK robot=2 task=TASK-001 phase=PICKUP
2026-10-02 17:55:55,833 | INFO | Thread-2 (_run_capstone) | EVENT | ROUTE_PLANNED | {'robot_id': 2, 'destination': (2, 9), 'route_length': 13, 'planner': 'astar', 'bandit_arm': None, 'bandit_reward': None, 'value_estimate': None, 'fallback_reason': None, 'nodes_expanded': 26, 'planning_time_ms': 0.09465217590332031}
2026-10-02 17:55:55,841 | INFO | Thread-2 (_run_capstone) | A* planned robot=2 destination=(2, 9) blocked_dynamic=[(3, 4), (6, 11), (7, 11), (8, 11), (9, 11), (10, 11), (11, 11), (12, 11), (13, 11), (14, 11), (15, 11)] route=[(6, 1), (5, 1), (4, 1), (3, 1), (3, 2), (3, 3), (2, 3), (2, 4), (2, 5), (2, 6), (2, 7), (2, 8), (2, 9)]
2026-10-02 17:55:55,841 | INFO | Thread-2 (_run_capstone) | A* NEXT WAYPOINT robot=2 current=(6, 1) destination=(2, 9) waypoint=(5, 1) remaining_route=[(6, 1), (5, 1), (4, 1), (3, 1), (3, 2), (3, 3), (2, 3), (2, 4), (2, 5), (2, 6), (2, 7), (2, 8), (2, 9)]
2026-10-02 17:55:55,942 | INFO | Thread-2 (_run_capstone) | MOVE REQUEST robot=2 pos=(6, 1) target=(5, 1) conflict_robot=1 conflict_target=None
2026-10-02 17:55:56,045 | INFO | Thread-2 (_run_capstone) | SARSA_ROUTE_MATCH robot=2 action=3 target=(5, 1)
2026-10-02 17:55:56,045 | INFO | Thread-2 (_run_capstone) | EVENT | ROBOT_MOVED | {'robot_id': 2, 'position': (5, 1), 'estimated_position': (5, 1), 'observation': 0, 'battery': 86.0}
2026-10-02 17:55:56,057 | INFO | Thread-2 (_run_capstone) | EVENT | SARSA_ACTION | {'robot_id': 2, 'action': 3, 'proposed_action': 3, 'position': (5, 1), 'target': (5, 1), 'controller': 'SARSA+ASTAR_ROUTE_GUARD'}
2026-10-02 17:55:56,065 | INFO | Thread-2 (_run_capstone) | MOVE RESULT robot=2 ok=True new_pos=(5, 1) battery=86.00 target=(5, 1)
2026-10-02 17:55:56,245 | INFO | Thread-2 (_run_capstone) | ACTIVE_TASK robot=1 task=TASK-002 phase=PICKUP
2026-10-02 17:55:56,245 | INFO | Thread-2 (_run_capstone) | EVENT | ROUTE_PLANNED | {'robot_id': 1, 'destination': (15, 11), 'route_length': 9, 'planner': 'astar', 'bandit_arm': None, 'bandit_reward': None, 'value_estimate': None, 'fallback_reason': None, 'nodes_expanded': 8, 'planning_time_ms': 0.087738037109375}
2026-10-02 17:55:56,256 | INFO | Thread-2 (_run_capstone) | A* planned robot=1 destination=(15, 11) blocked_dynamic=[(2, 3), (2, 4), (2, 5), (2, 6), (2, 7), (2, 8), (2, 9), (3, 1), (3, 2), (3, 3), (4, 1), (5, 1), (6, 1), (18, 12)] route=[(7, 11), (8, 11), (9, 11), (10, 11), (11, 11), (12, 11), (13, 11), (14, 11), (15, 11)]
2026-10-02 17:55:56,256 | INFO | Thread-2 (_run_capstone) | A* NEXT WAYPOINT robot=1 current=(7, 11) destination=(15, 11) waypoint=(8, 11) remaining_route=[(7, 11), (8, 11), (9, 11), (10, 11), (11, 11), (12, 11), (13, 11), (14, 11), (15, 11)]
2026-10-02 17:55:56,361 | INFO | Thread-2 (_run_capstone) | MOVE REQUEST robot=1 pos=(7, 11) target=(8, 11) conflict_robot=2 conflict_target=None
2026-10-02 17:55:56,458 | INFO | Thread-2 (_run_capstone) | SARSA_ROUTE_MATCH robot=1 action=2 target=(8, 11)
2026-10-02 17:55:56,458 | INFO | Thread-2 (_run_capstone) | EVENT | ROBOT_MOVED | {'robot_id': 1, 'position': (8, 11), 'estimated_position': (8, 11), 'observation': 0, 'battery': 85.0}
2026-10-02 17:55:56,468 | INFO | Thread-2 (_run_capstone) | EVENT | SARSA_ACTION | {'robot_id': 1, 'action': 2, 'proposed_action': 2, 'position': (8, 11), 'target': (8, 11), 'controller': 'SARSA+ASTAR_ROUTE_GUARD'}
2026-10-02 17:55:56,475 | INFO | Thread-2 (_run_capstone) | MOVE RESULT robot=1 ok=True new_pos=(8, 11) battery=85.00 target=(8, 11)
2026-10-02 17:55:56,475 | INFO | Thread-2 (_run_capstone) | ACTIVE_TASK robot=2 task=TASK-001 phase=PICKUP
2026-10-02 17:55:56,475 | INFO | Thread-2 (_run_capstone) | EVENT | ROUTE_PLANNED | {'robot_id': 2, 'destination': (2, 9), 'route_length': 12, 'planner': 'astar', 'bandit_arm': None, 'bandit_reward': None, 'value_estimate': None, 'fallback_reason': None, 'nodes_expanded': 21, 'planning_time_ms': 0.07987022399902344}
2026-10-02 17:55:56,483 | INFO | Thread-2 (_run_capstone) | A* planned robot=2 destination=(2, 9) blocked_dynamic=[(3, 4), (7, 11), (8, 11), (9, 11), (10, 11), (11, 11), (12, 11), (13, 11), (14, 11), (15, 11)] route=[(5, 1), (4, 1), (3, 1), (3, 2), (3, 3), (2, 3), (2, 4), (2, 5), (2, 6), (2, 7), (2, 8), (2, 9)]
2026-10-02 17:55:56,483 | INFO | Thread-2 (_run_capstone) | A* NEXT WAYPOINT robot=2 current=(5, 1) destination=(2, 9) waypoint=(4, 1) remaining_route=[(5, 1), (4, 1), (3, 1), (3, 2), (3, 3), (2, 3), (2, 4), (2, 5), (2, 6), (2, 7), (2, 8), (2, 9)]
2026-10-02 17:55:56,585 | INFO | Thread-2 (_run_capstone) | MOVE REQUEST robot=2 pos=(5, 1) target=(4, 1) conflict_robot=1 conflict_target=None
2026-10-02 17:55:56,687 | INFO | Thread-2 (_run_capstone) | SARSA_ROUTE_MATCH robot=2 action=3 target=(4, 1)
2026-10-02 17:55:56,687 | INFO | Thread-2 (_run_capstone) | EVENT | ROBOT_MOVED | {'robot_id': 2, 'position': (4, 1), 'estimated_position': (4, 1), 'observation': 1, 'battery': 85.0}
2026-10-02 17:55:56,698 | INFO | Thread-2 (_run_capstone) | EVENT | SARSA_ACTION | {'robot_id': 2, 'action': 3, 'proposed_action': 3, 'position': (4, 1), 'target': (4, 1), 'controller': 'SARSA+ASTAR_ROUTE_GUARD'}
2026-10-02 17:55:56,706 | INFO | Thread-2 (_run_capstone) | MOVE RESULT robot=2 ok=True new_pos=(4, 1) battery=85.00 target=(4, 1)
2026-10-02 17:55:56,887 | INFO | Thread-2 (_run_capstone) | ACTIVE_TASK robot=1 task=TASK-002 phase=PICKUP
2026-10-02 17:55:56,887 | INFO | Thread-2 (_run_capstone) | EVENT | ROUTE_PLANNED | {'robot_id': 1, 'destination': (15, 11), 'route_length': 8, 'planner': 'astar', 'bandit_arm': None, 'bandit_reward': None, 'value_estimate': None, 'fallback_reason': None, 'nodes_expanded': 7, 'planning_time_ms': 0.05340576171875}
2026-10-02 17:55:56,898 | INFO | Thread-2 (_run_capstone) | A* planned robot=1 destination=(15, 11) blocked_dynamic=[(2, 3), (2, 4), (2, 5), (2, 6), (2, 7), (2, 8), (2, 9), (3, 1), (3, 2), (3, 3), (4, 1), (5, 1), (18, 12)] route=[(8, 11), (9, 11), (10, 11), (11, 11), (12, 11), (13, 11), (14, 11), (15, 11)]
2026-10-02 17:55:56,898 | INFO | Thread-2 (_run_capstone) | A* NEXT WAYPOINT robot=1 current=(8, 11) destination=(15, 11) waypoint=(9, 11) remaining_route=[(8, 11), (9, 11), (10, 11), (11, 11), (12, 11), (13, 11), (14, 11), (15, 11)]
2026-10-02 17:55:57,003 | INFO | Thread-2 (_run_capstone) | MOVE REQUEST robot=1 pos=(8, 11) target=(9, 11) conflict_robot=2 conflict_target=None
2026-10-02 17:55:57,101 | INFO | Thread-2 (_run_capstone) | SARSA_ROUTE_MATCH robot=1 action=2 target=(9, 11)
2026-10-02 17:55:57,101 | INFO | Thread-2 (_run_capstone) | EVENT | ROBOT_MOVED | {'robot_id': 1, 'position': (9, 11), 'estimated_position': (9, 11), 'observation': 0, 'battery': 84.0}
2026-10-02 17:55:57,114 | INFO | Thread-2 (_run_capstone) | EVENT | SARSA_ACTION | {'robot_id': 1, 'action': 2, 'proposed_action': 2, 'position': (9, 11), 'target': (9, 11), 'controller': 'SARSA+ASTAR_ROUTE_GUARD'}
2026-10-02 17:55:57,123 | INFO | Thread-2 (_run_capstone) | MOVE RESULT robot=1 ok=True new_pos=(9, 11) battery=84.00 target=(9, 11)
2026-10-02 17:55:57,123 | INFO | Thread-2 (_run_capstone) | ACTIVE_TASK robot=2 task=TASK-001 phase=PICKUP
2026-10-02 17:55:57,123 | INFO | Thread-2 (_run_capstone) | EVENT | ROUTE_PLANNED | {'robot_id': 2, 'destination': (2, 9), 'route_length': 11, 'planner': 'astar', 'bandit_arm': None, 'bandit_reward': None, 'value_estimate': None, 'fallback_reason': None, 'nodes_expanded': 12, 'planning_time_ms': 0.056743621826171875}
2026-10-02 17:55:57,131 | INFO | Thread-2 (_run_capstone) | A* planned robot=2 destination=(2, 9) blocked_dynamic=[(3, 4), (8, 11), (9, 11), (10, 11), (11, 11), (12, 11), (13, 11), (14, 11), (15, 11)] route=[(4, 1), (3, 1), (3, 2), (2, 2), (2, 3), (2, 4), (2, 5), (2, 6), (2, 7), (2, 8), (2, 9)]
2026-10-02 17:55:57,131 | INFO | Thread-2 (_run_capstone) | A* NEXT WAYPOINT robot=2 current=(4, 1) destination=(2, 9) waypoint=(3, 1) remaining_route=[(4, 1), (3, 1), (3, 2), (2, 2), (2, 3), (2, 4), (2, 5), (2, 6), (2, 7), (2, 8), (2, 9)]
2026-10-02 17:55:57,227 | INFO | Thread-2 (_run_capstone) | MOVE REQUEST robot=2 pos=(4, 1) target=(3, 1) conflict_robot=1 conflict_target=None
2026-10-02 17:55:57,332 | INFO | Thread-2 (_run_capstone) | SARSA_ROUTE_MATCH robot=2 action=3 target=(3, 1)
2026-10-02 17:55:57,332 | INFO | Thread-2 (_run_capstone) | EVENT | ROBOT_MOVED | {'robot_id': 2, 'position': (3, 1), 'estimated_position': (3, 1), 'observation': 0, 'battery': 84.0}
2026-10-02 17:55:57,345 | INFO | Thread-2 (_run_capstone) | EVENT | SARSA_ACTION | {'robot_id': 2, 'action': 3, 'proposed_action': 3, 'position': (3, 1), 'target': (3, 1), 'controller': 'SARSA+ASTAR_ROUTE_GUARD'}
2026-10-02 17:55:57,355 | INFO | Thread-2 (_run_capstone) | MOVE RESULT robot=2 ok=True new_pos=(3, 1) battery=84.00 target=(3, 1)
2026-10-02 17:55:57,536 | INFO | Thread-2 (_run_capstone) | ACTIVE_TASK robot=1 task=TASK-002 phase=PICKUP
2026-10-02 17:55:57,536 | INFO | Thread-2 (_run_capstone) | EVENT | ROUTE_PLANNED | {'robot_id': 1, 'destination': (15, 11), 'route_length': 7, 'planner': 'astar', 'bandit_arm': None, 'bandit_reward': None, 'value_estimate': None, 'fallback_reason': None, 'nodes_expanded': 6, 'planning_time_ms': 0.04601478576660156}
2026-10-02 17:55:57,547 | INFO | Thread-2 (_run_capstone) | A* planned robot=1 destination=(15, 11) blocked_dynamic=[(2, 2), (2, 3), (2, 4), (2, 5), (2, 6), (2, 7), (2, 8), (2, 9), (3, 1), (3, 2), (4, 1), (18, 12)] route=[(9, 11), (10, 11), (11, 11), (12, 11), (13, 11), (14, 11), (15, 11)]
2026-10-02 17:55:57,547 | INFO | Thread-2 (_run_capstone) | A* NEXT WAYPOINT robot=1 current=(9, 11) destination=(15, 11) waypoint=(10, 11) remaining_route=[(9, 11), (10, 11), (11, 11), (12, 11), (13, 11), (14, 11), (15, 11)]
2026-10-02 17:55:57,645 | INFO | Thread-2 (_run_capstone) | MOVE REQUEST robot=1 pos=(9, 11) target=(10, 11) conflict_robot=2 conflict_target=None
2026-10-02 17:55:57,742 | INFO | Thread-2 (_run_capstone) | SARSA_ROUTE_MATCH robot=1 action=2 target=(10, 11)
2026-10-02 17:55:57,742 | INFO | Thread-2 (_run_capstone) | EVENT | ROBOT_MOVED | {'robot_id': 1, 'position': (10, 11), 'estimated_position': (10, 11), 'observation': 0, 'battery': 83.0}
2026-10-02 17:55:57,754 | INFO | Thread-2 (_run_capstone) | EVENT | SARSA_ACTION | {'robot_id': 1, 'action': 2, 'proposed_action': 2, 'position': (10, 11), 'target': (10, 11), 'controller': 'SARSA+ASTAR_ROUTE_GUARD'}
2026-10-02 17:55:57,762 | INFO | Thread-2 (_run_capstone) | MOVE RESULT robot=1 ok=True new_pos=(10, 11) battery=83.00 target=(10, 11)
2026-10-02 17:55:57,762 | INFO | Thread-2 (_run_capstone) | ACTIVE_TASK robot=2 task=TASK-001 phase=PICKUP
2026-10-02 17:55:57,762 | INFO | Thread-2 (_run_capstone) | EVENT | ROUTE_PLANNED | {'robot_id': 2, 'destination': (2, 9), 'route_length': 10, 'planner': 'astar', 'bandit_arm': None, 'bandit_reward': None, 'value_estimate': None, 'fallback_reason': None, 'nodes_expanded': 11, 'planning_time_ms': 0.05650520324707031}
2026-10-02 17:55:57,769 | INFO | Thread-2 (_run_capstone) | A* planned robot=2 destination=(2, 9) blocked_dynamic=[(3, 4), (9, 11), (10, 11), (11, 11), (12, 11), (13, 11), (14, 11), (15, 11)] route=[(3, 1), (3, 2), (3, 3), (2, 3), (2, 4), (2, 5), (2, 6), (2, 7), (2, 8), (2, 9)]
2026-10-02 17:55:57,769 | INFO | Thread-2 (_run_capstone) | A* NEXT WAYPOINT robot=2 current=(3, 1) destination=(2, 9) waypoint=(3, 2) remaining_route=[(3, 1), (3, 2), (3, 3), (2, 3), (2, 4), (2, 5), (2, 6), (2, 7), (2, 8), (2, 9)]
2026-10-02 17:55:57,872 | INFO | Thread-2 (_run_capstone) | MOVE REQUEST robot=2 pos=(3, 1) target=(3, 2) conflict_robot=1 conflict_target=None
2026-10-02 17:55:57,969 | INFO | Thread-2 (_run_capstone) | SARSA_ROUTE_MATCH robot=2 action=1 target=(3, 2)
2026-10-02 17:55:57,969 | INFO | Thread-2 (_run_capstone) | EVENT | ROBOT_MOVED | {'robot_id': 2, 'position': (3, 2), 'estimated_position': (3, 2), 'observation': 1, 'battery': 83.0}
2026-10-02 17:55:57,982 | INFO | Thread-2 (_run_capstone) | EVENT | SARSA_ACTION | {'robot_id': 2, 'action': 1, 'proposed_action': 1, 'position': (3, 2), 'target': (3, 2), 'controller': 'SARSA+ASTAR_ROUTE_GUARD'}
2026-10-02 17:55:57,990 | INFO | Thread-2 (_run_capstone) | MOVE RESULT robot=2 ok=True new_pos=(3, 2) battery=83.00 target=(3, 2)
2026-10-02 17:55:58,171 | INFO | Thread-2 (_run_capstone) | ACTIVE_TASK robot=1 task=TASK-002 phase=PICKUP
2026-10-02 17:55:58,171 | INFO | Thread-2 (_run_capstone) | EVENT | ROUTE_PLANNED | {'robot_id': 1, 'destination': (15, 11), 'route_length': 6, 'planner': 'astar', 'bandit_arm': None, 'bandit_reward': None, 'value_estimate': None, 'fallback_reason': None, 'nodes_expanded': 5, 'planning_time_ms': 0.04649162292480469}
2026-10-02 17:55:58,183 | INFO | Thread-2 (_run_capstone) | A* planned robot=1 destination=(15, 11) blocked_dynamic=[(2, 3), (2, 4), (2, 5), (2, 6), (2, 7), (2, 8), (2, 9), (3, 1), (3, 2), (3, 3), (18, 12)] route=[(10, 11), (11, 11), (12, 11), (13, 11), (14, 11), (15, 11)]
2026-10-02 17:55:58,183 | INFO | Thread-2 (_run_capstone) | A* NEXT WAYPOINT robot=1 current=(10, 11) destination=(15, 11) waypoint=(11, 11) remaining_route=[(10, 11), (11, 11), (12, 11), (13, 11), (14, 11), (15, 11)]
2026-10-02 17:55:58,286 | INFO | Thread-2 (_run_capstone) | MOVE REQUEST robot=1 pos=(10, 11) target=(11, 11) conflict_robot=2 conflict_target=None
2026-10-02 17:55:58,391 | INFO | Thread-2 (_run_capstone) | SARSA_ROUTE_MATCH robot=1 action=2 target=(11, 11)
2026-10-02 17:55:58,391 | INFO | Thread-2 (_run_capstone) | EVENT | ROBOT_MOVED | {'robot_id': 1, 'position': (11, 11), 'estimated_position': (11, 11), 'observation': 0, 'battery': 82.0}
2026-10-02 17:55:58,400 | INFO | Thread-2 (_run_capstone) | EVENT | SARSA_ACTION | {'robot_id': 1, 'action': 2, 'proposed_action': 2, 'position': (11, 11), 'target': (11, 11), 'controller': 'SARSA+ASTAR_ROUTE_GUARD'}
2026-10-02 17:55:58,409 | INFO | Thread-2 (_run_capstone) | MOVE RESULT robot=1 ok=True new_pos=(11, 11) battery=82.00 target=(11, 11)
2026-10-02 17:55:58,409 | INFO | Thread-2 (_run_capstone) | ACTIVE_TASK robot=2 task=TASK-001 phase=PICKUP
2026-10-02 17:55:58,409 | INFO | Thread-2 (_run_capstone) | EVENT | ROUTE_PLANNED | {'robot_id': 2, 'destination': (2, 9), 'route_length': 9, 'planner': 'astar', 'bandit_arm': None, 'bandit_reward': None, 'value_estimate': None, 'fallback_reason': None, 'nodes_expanded': 9, 'planning_time_ms': 0.05435943603515625}
2026-10-02 17:55:58,416 | INFO | Thread-2 (_run_capstone) | A* planned robot=2 destination=(2, 9) blocked_dynamic=[(3, 4), (10, 11), (11, 11), (12, 11), (13, 11), (14, 11), (15, 11)] route=[(3, 2), (3, 3), (2, 3), (2, 4), (2, 5), (2, 6), (2, 7), (2, 8), (2, 9)]
2026-10-02 17:55:58,416 | INFO | Thread-2 (_run_capstone) | A* NEXT WAYPOINT robot=2 current=(3, 2) destination=(2, 9) waypoint=(3, 3) remaining_route=[(3, 2), (3, 3), (2, 3), (2, 4), (2, 5), (2, 6), (2, 7), (2, 8), (2, 9)]
2026-10-02 17:55:58,516 | INFO | Thread-2 (_run_capstone) | MOVE REQUEST robot=2 pos=(3, 2) target=(3, 3) conflict_robot=1 conflict_target=None
2026-10-02 17:55:58,611 | INFO | Thread-2 (_run_capstone) | SARSA_ROUTE_MATCH robot=2 action=1 target=(3, 3)
2026-10-02 17:55:58,611 | INFO | Thread-2 (_run_capstone) | EVENT | ROBOT_MOVED | {'robot_id': 2, 'position': (3, 3), 'estimated_position': (3, 3), 'observation': 1, 'battery': 82.0}
2026-10-02 17:55:58,623 | INFO | Thread-2 (_run_capstone) | EVENT | SARSA_ACTION | {'robot_id': 2, 'action': 1, 'proposed_action': 1, 'position': (3, 3), 'target': (3, 3), 'controller': 'SARSA+ASTAR_ROUTE_GUARD'}
2026-10-02 17:55:58,632 | INFO | Thread-2 (_run_capstone) | MOVE RESULT robot=2 ok=True new_pos=(3, 3) battery=82.00 target=(3, 3)
2026-10-02 17:55:58,812 | INFO | Thread-2 (_run_capstone) | ACTIVE_TASK robot=1 task=TASK-002 phase=PICKUP
2026-10-02 17:55:58,812 | INFO | Thread-2 (_run_capstone) | EVENT | ROUTE_PLANNED | {'robot_id': 1, 'destination': (15, 11), 'route_length': 5, 'planner': 'astar', 'bandit_arm': None, 'bandit_reward': None, 'value_estimate': None, 'fallback_reason': None, 'nodes_expanded': 4, 'planning_time_ms': 0.054836273193359375}
2026-10-02 17:55:58,825 | INFO | Thread-2 (_run_capstone) | A* planned robot=1 destination=(15, 11) blocked_dynamic=[(2, 3), (2, 4), (2, 5), (2, 6), (2, 7), (2, 8), (2, 9), (3, 2), (3, 3), (18, 12)] route=[(11, 11), (12, 11), (13, 11), (14, 11), (15, 11)]
2026-10-02 17:55:58,825 | INFO | Thread-2 (_run_capstone) | A* NEXT WAYPOINT robot=1 current=(11, 11) destination=(15, 11) waypoint=(12, 11) remaining_route=[(11, 11), (12, 11), (13, 11), (14, 11), (15, 11)]
2026-10-02 17:55:58,938 | INFO | Thread-2 (_run_capstone) | MOVE REQUEST robot=1 pos=(11, 11) target=(12, 11) conflict_robot=2 conflict_target=None
2026-10-02 17:55:59,046 | INFO | Thread-2 (_run_capstone) | SARSA_ROUTE_MATCH robot=1 action=2 target=(12, 11)
2026-10-02 17:55:59,047 | INFO | Thread-2 (_run_capstone) | EVENT | ROBOT_MOVED | {'robot_id': 1, 'position': (12, 11), 'estimated_position': (12, 11), 'observation': 0, 'battery': 81.0}
2026-10-02 17:55:59,059 | INFO | Thread-2 (_run_capstone) | EVENT | SARSA_ACTION | {'robot_id': 1, 'action': 2, 'proposed_action': 2, 'position': (12, 11), 'target': (12, 11), 'controller': 'SARSA+ASTAR_ROUTE_GUARD'}
2026-10-02 17:55:59,068 | INFO | Thread-2 (_run_capstone) | MOVE RESULT robot=1 ok=True new_pos=(12, 11) battery=81.00 target=(12, 11)
2026-10-02 17:55:59,068 | INFO | Thread-2 (_run_capstone) | ACTIVE_TASK robot=2 task=TASK-001 phase=PICKUP
2026-10-02 17:55:59,068 | INFO | Thread-2 (_run_capstone) | EVENT | ROUTE_PLANNED | {'robot_id': 2, 'destination': (2, 9), 'route_length': 8, 'planner': 'astar', 'bandit_arm': None, 'bandit_reward': None, 'value_estimate': None, 'fallback_reason': None, 'nodes_expanded': 7, 'planning_time_ms': 0.04458427429199219}
2026-10-02 17:55:59,076 | INFO | Thread-2 (_run_capstone) | A* planned robot=2 destination=(2, 9) blocked_dynamic=[(3, 4), (11, 11), (12, 11), (13, 11), (14, 11), (15, 11)] route=[(3, 3), (2, 3), (2, 4), (2, 5), (2, 6), (2, 7), (2, 8), (2, 9)]
2026-10-02 17:55:59,077 | INFO | Thread-2 (_run_capstone) | A* NEXT WAYPOINT robot=2 current=(3, 3) destination=(2, 9) waypoint=(2, 3) remaining_route=[(3, 3), (2, 3), (2, 4), (2, 5), (2, 6), (2, 7), (2, 8), (2, 9)]
2026-10-02 17:55:59,178 | INFO | Thread-2 (_run_capstone) | MOVE REQUEST robot=2 pos=(3, 3) target=(2, 3) conflict_robot=1 conflict_target=None
2026-10-02 17:55:59,278 | INFO | Thread-2 (_run_capstone) | SARSA_ROUTE_MATCH robot=2 action=3 target=(2, 3)
2026-10-02 17:55:59,278 | INFO | Thread-2 (_run_capstone) | EVENT | ROBOT_MOVED | {'robot_id': 2, 'position': (2, 3), 'estimated_position': (2, 3), 'observation': 0, 'battery': 81.0}
2026-10-02 17:55:59,287 | INFO | Thread-2 (_run_capstone) | EVENT | SARSA_ACTION | {'robot_id': 2, 'action': 3, 'proposed_action': 3, 'position': (2, 3), 'target': (2, 3), 'controller': 'SARSA+ASTAR_ROUTE_GUARD'}
2026-10-02 17:55:59,295 | INFO | Thread-2 (_run_capstone) | MOVE RESULT robot=2 ok=True new_pos=(2, 3) battery=81.00 target=(2, 3)
2026-10-02 17:55:59,475 | INFO | Thread-2 (_run_capstone) | ACTIVE_TASK robot=1 task=TASK-002 phase=PICKUP
2026-10-02 17:55:59,475 | INFO | Thread-2 (_run_capstone) | EVENT | ROUTE_PLANNED | {'robot_id': 1, 'destination': (15, 11), 'route_length': 4, 'planner': 'astar', 'bandit_arm': None, 'bandit_reward': None, 'value_estimate': None, 'fallback_reason': None, 'nodes_expanded': 3, 'planning_time_ms': 0.03886222839355469}
2026-10-02 17:55:59,488 | INFO | Thread-2 (_run_capstone) | A* planned robot=1 destination=(15, 11) blocked_dynamic=[(2, 3), (2, 4), (2, 5), (2, 6), (2, 7), (2, 8), (2, 9), (3, 3), (18, 12)] route=[(12, 11), (13, 11), (14, 11), (15, 11)]
2026-10-02 17:55:59,488 | INFO | Thread-2 (_run_capstone) | A* NEXT WAYPOINT robot=1 current=(12, 11) destination=(15, 11) waypoint=(13, 11) remaining_route=[(12, 11), (13, 11), (14, 11), (15, 11)]
2026-10-02 17:55:59,589 | INFO | Thread-2 (_run_capstone) | MOVE REQUEST robot=1 pos=(12, 11) target=(13, 11) conflict_robot=2 conflict_target=None
2026-10-02 17:55:59,688 | INFO | Thread-2 (_run_capstone) | SARSA_ROUTE_MATCH robot=1 action=2 target=(13, 11)
2026-10-02 17:55:59,688 | INFO | Thread-2 (_run_capstone) | EVENT | ROBOT_MOVED | {'robot_id': 1, 'position': (13, 11), 'estimated_position': (13, 11), 'observation': 0, 'battery': 80.0}
2026-10-02 17:55:59,697 | INFO | Thread-2 (_run_capstone) | EVENT | SARSA_ACTION | {'robot_id': 1, 'action': 2, 'proposed_action': 2, 'position': (13, 11), 'target': (13, 11), 'controller': 'SARSA+ASTAR_ROUTE_GUARD'}
2026-10-02 17:55:59,705 | INFO | Thread-2 (_run_capstone) | MOVE RESULT robot=1 ok=True new_pos=(13, 11) battery=80.00 target=(13, 11)
2026-10-02 17:55:59,705 | INFO | Thread-2 (_run_capstone) | ACTIVE_TASK robot=2 task=TASK-001 phase=PICKUP
2026-10-02 17:55:59,705 | INFO | Thread-2 (_run_capstone) | EVENT | ROUTE_PLANNED | {'robot_id': 2, 'destination': (2, 9), 'route_length': 7, 'planner': 'astar', 'bandit_arm': None, 'bandit_reward': None, 'value_estimate': None, 'fallback_reason': None, 'nodes_expanded': 6, 'planning_time_ms': 0.049591064453125}
2026-10-02 17:55:59,712 | INFO | Thread-2 (_run_capstone) | A* planned robot=2 destination=(2, 9) blocked_dynamic=[(3, 4), (12, 11), (13, 11), (14, 11), (15, 11)] route=[(2, 3), (2, 4), (2, 5), (2, 6), (2, 7), (2, 8), (2, 9)]
2026-10-02 17:55:59,713 | INFO | Thread-2 (_run_capstone) | A* NEXT WAYPOINT robot=2 current=(2, 3) destination=(2, 9) waypoint=(2, 4) remaining_route=[(2, 3), (2, 4), (2, 5), (2, 6), (2, 7), (2, 8), (2, 9)]
2026-10-02 17:55:59,808 | INFO | Thread-2 (_run_capstone) | MOVE REQUEST robot=2 pos=(2, 3) target=(2, 4) conflict_robot=1 conflict_target=None
2026-10-02 17:55:59,901 | INFO | Thread-2 (_run_capstone) | SARSA_ROUTE_MATCH robot=2 action=1 target=(2, 4)
2026-10-02 17:55:59,902 | INFO | Thread-2 (_run_capstone) | EVENT | ROBOT_MOVED | {'robot_id': 2, 'position': (2, 4), 'estimated_position': (2, 4), 'observation': 0, 'battery': 80.0}
2026-10-02 17:55:59,912 | INFO | Thread-2 (_run_capstone) | EVENT | SARSA_ACTION | {'robot_id': 2, 'action': 1, 'proposed_action': 1, 'position': (2, 4), 'target': (2, 4), 'controller': 'SARSA+ASTAR_ROUTE_GUARD'}
2026-10-02 17:55:59,920 | INFO | Thread-2 (_run_capstone) | MOVE RESULT robot=2 ok=True new_pos=(2, 4) battery=80.00 target=(2, 4)
2026-10-02 17:56:00,100 | INFO | Thread-2 (_run_capstone) | ACTIVE_TASK robot=1 task=TASK-002 phase=PICKUP
2026-10-02 17:56:00,101 | INFO | Thread-2 (_run_capstone) | EVENT | ROUTE_PLANNED | {'robot_id': 1, 'destination': (15, 11), 'route_length': 3, 'planner': 'astar', 'bandit_arm': None, 'bandit_reward': None, 'value_estimate': None, 'fallback_reason': None, 'nodes_expanded': 2, 'planning_time_ms': 0.027418136596679688}
2026-10-02 17:56:00,109 | INFO | Thread-2 (_run_capstone) | A* planned robot=1 destination=(15, 11) blocked_dynamic=[(2, 3), (2, 4), (2, 5), (2, 6), (2, 7), (2, 8), (2, 9), (18, 12)] route=[(13, 11), (14, 11), (15, 11)]
2026-10-02 17:56:00,109 | INFO | Thread-2 (_run_capstone) | A* NEXT WAYPOINT robot=1 current=(13, 11) destination=(15, 11) waypoint=(14, 11) remaining_route=[(13, 11), (14, 11), (15, 11)]
2026-10-02 17:56:00,208 | INFO | Thread-2 (_run_capstone) | MOVE REQUEST robot=1 pos=(13, 11) target=(14, 11) conflict_robot=2 conflict_target=None
2026-10-02 17:56:00,308 | INFO | Thread-2 (_run_capstone) | SARSA_ROUTE_MATCH robot=1 action=2 target=(14, 11)
2026-10-02 17:56:00,308 | INFO | Thread-2 (_run_capstone) | EVENT | ROBOT_MOVED | {'robot_id': 1, 'position': (14, 11), 'estimated_position': (14, 11), 'observation': 0, 'battery': 79.0}
2026-10-02 17:56:00,321 | INFO | Thread-2 (_run_capstone) | EVENT | SARSA_ACTION | {'robot_id': 1, 'action': 2, 'proposed_action': 2, 'position': (14, 11), 'target': (14, 11), 'controller': 'SARSA+ASTAR_ROUTE_GUARD'}
2026-10-02 17:56:00,329 | INFO | Thread-2 (_run_capstone) | MOVE RESULT robot=1 ok=True new_pos=(14, 11) battery=79.00 target=(14, 11)
2026-10-02 17:56:00,329 | INFO | Thread-2 (_run_capstone) | ACTIVE_TASK robot=2 task=TASK-001 phase=PICKUP
2026-10-02 17:56:00,329 | INFO | Thread-2 (_run_capstone) | EVENT | ROUTE_PLANNED | {'robot_id': 2, 'destination': (2, 9), 'route_length': 6, 'planner': 'astar', 'bandit_arm': None, 'bandit_reward': None, 'value_estimate': None, 'fallback_reason': None, 'nodes_expanded': 5, 'planning_time_ms': 0.03457069396972656}
2026-10-02 17:56:00,338 | INFO | Thread-2 (_run_capstone) | A* planned robot=2 destination=(2, 9) blocked_dynamic=[(3, 4), (13, 11), (14, 11), (15, 11)] route=[(2, 4), (2, 5), (2, 6), (2, 7), (2, 8), (2, 9)]
2026-10-02 17:56:00,338 | INFO | Thread-2 (_run_capstone) | A* NEXT WAYPOINT robot=2 current=(2, 4) destination=(2, 9) waypoint=(2, 5) remaining_route=[(2, 4), (2, 5), (2, 6), (2, 7), (2, 8), (2, 9)]
2026-10-02 17:56:00,440 | INFO | Thread-2 (_run_capstone) | MOVE REQUEST robot=2 pos=(2, 4) target=(2, 5) conflict_robot=1 conflict_target=None
2026-10-02 17:56:00,538 | INFO | Thread-2 (_run_capstone) | SARSA_ROUTE_MATCH robot=2 action=1 target=(2, 5)
2026-10-02 17:56:00,538 | INFO | Thread-2 (_run_capstone) | EVENT | ROBOT_MOVED | {'robot_id': 2, 'position': (2, 5), 'estimated_position': (2, 5), 'observation': 0, 'battery': 79.0}
2026-10-02 17:56:00,549 | INFO | Thread-2 (_run_capstone) | EVENT | SARSA_ACTION | {'robot_id': 2, 'action': 1, 'proposed_action': 1, 'position': (2, 5), 'target': (2, 5), 'controller': 'SARSA+ASTAR_ROUTE_GUARD'}
2026-10-02 17:56:00,558 | INFO | Thread-2 (_run_capstone) | MOVE RESULT robot=2 ok=True new_pos=(2, 5) battery=79.00 target=(2, 5)
2026-10-02 17:56:00,738 | INFO | Thread-2 (_run_capstone) | ACTIVE_TASK robot=1 task=TASK-002 phase=PICKUP
2026-10-02 17:56:00,738 | INFO | Thread-2 (_run_capstone) | EVENT | ROUTE_PLANNED | {'robot_id': 1, 'destination': (15, 11), 'route_length': 2, 'planner': 'astar', 'bandit_arm': None, 'bandit_reward': None, 'value_estimate': None, 'fallback_reason': None, 'nodes_expanded': 1, 'planning_time_ms': 0.020742416381835938}
2026-10-02 17:56:00,748 | INFO | Thread-2 (_run_capstone) | A* planned robot=1 destination=(15, 11) blocked_dynamic=[(2, 4), (2, 5), (2, 6), (2, 7), (2, 8), (2, 9), (18, 12)] route=[(14, 11), (15, 11)]
2026-10-02 17:56:00,748 | INFO | Thread-2 (_run_capstone) | A* NEXT WAYPOINT robot=1 current=(14, 11) destination=(15, 11) waypoint=(15, 11) remaining_route=[(14, 11), (15, 11)]
2026-10-02 17:56:00,851 | INFO | Thread-2 (_run_capstone) | MOVE REQUEST robot=1 pos=(14, 11) target=(15, 11) conflict_robot=2 conflict_target=None
2026-10-02 17:56:00,950 | INFO | Thread-2 (_run_capstone) | SARSA_ROUTE_MATCH robot=1 action=2 target=(15, 11)
2026-10-02 17:56:00,950 | INFO | Thread-2 (_run_capstone) | EVENT | ROBOT_MOVED | {'robot_id': 1, 'position': (15, 11), 'estimated_position': (15, 11), 'observation': 1, 'battery': 78.0}
2026-10-02 17:56:00,963 | INFO | Thread-2 (_run_capstone) | EVENT | SARSA_ACTION | {'robot_id': 1, 'action': 2, 'proposed_action': 2, 'position': (15, 11), 'target': (15, 11), 'controller': 'SARSA+ASTAR_ROUTE_GUARD'}
2026-10-02 17:56:00,971 | INFO | Thread-2 (_run_capstone) | MOVE RESULT robot=1 ok=True new_pos=(15, 11) battery=78.00 target=(15, 11)
2026-10-02 17:56:00,972 | INFO | Thread-2 (_run_capstone) | ACTIVE_TASK robot=2 task=TASK-001 phase=PICKUP
2026-10-02 17:56:00,972 | INFO | Thread-2 (_run_capstone) | EVENT | ROUTE_PLANNED | {'robot_id': 2, 'destination': (2, 9), 'route_length': 5, 'planner': 'astar', 'bandit_arm': None, 'bandit_reward': None, 'value_estimate': None, 'fallback_reason': None, 'nodes_expanded': 4, 'planning_time_ms': 0.051975250244140625}
2026-10-02 17:56:00,980 | INFO | Thread-2 (_run_capstone) | A* planned robot=2 destination=(2, 9) blocked_dynamic=[(3, 4), (14, 11), (15, 11)] route=[(2, 5), (2, 6), (2, 7), (2, 8), (2, 9)]
2026-10-02 17:56:00,981 | INFO | Thread-2 (_run_capstone) | A* NEXT WAYPOINT robot=2 current=(2, 5) destination=(2, 9) waypoint=(2, 6) remaining_route=[(2, 5), (2, 6), (2, 7), (2, 8), (2, 9)]
2026-10-02 17:56:01,081 | INFO | Thread-2 (_run_capstone) | MOVE REQUEST robot=2 pos=(2, 5) target=(2, 6) conflict_robot=1 conflict_target=None
2026-10-02 17:56:01,179 | INFO | Thread-2 (_run_capstone) | SARSA_ROUTE_MATCH robot=2 action=1 target=(2, 6)
2026-10-02 17:56:01,179 | INFO | Thread-2 (_run_capstone) | EVENT | ROBOT_MOVED | {'robot_id': 2, 'position': (2, 6), 'estimated_position': (2, 6), 'observation': 0, 'battery': 78.0}
2026-10-02 17:56:01,188 | INFO | Thread-2 (_run_capstone) | EVENT | SARSA_ACTION | {'robot_id': 2, 'action': 1, 'proposed_action': 1, 'position': (2, 6), 'target': (2, 6), 'controller': 'SARSA+ASTAR_ROUTE_GUARD'}
2026-10-02 17:56:01,195 | INFO | Thread-2 (_run_capstone) | MOVE RESULT robot=2 ok=True new_pos=(2, 6) battery=78.00 target=(2, 6)
2026-10-02 17:56:01,375 | INFO | Thread-2 (_run_capstone) | ACTIVE_TASK robot=1 task=TASK-002 phase=PICKUP
2026-10-02 17:56:01,376 | INFO | Thread-2 (_run_capstone) | PICKUP reached robot=1 task=TASK-002 item=ITEM-002 at=(15, 11)
2026-10-02 17:56:01,376 | INFO | Thread-2 (_run_capstone) | EVENT | ITEM_PICKED | {'robot_id': 1, 'item_id': 'ITEM-002'}
2026-10-02 17:56:01,386 | INFO | Thread-2 (_run_capstone) | EVENT | ROUTE_PLANNED | {'robot_id': 1, 'destination': (18, 12), 'route_length': 7, 'planner': 'astar', 'bandit_arm': None, 'bandit_reward': None, 'value_estimate': None, 'fallback_reason': None, 'nodes_expanded': 9, 'planning_time_ms': 0.09226799011230469}
2026-10-02 17:56:01,396 | INFO | Thread-2 (_run_capstone) | A* planned robot=1 destination=(18, 12) blocked_dynamic=[(2, 5), (2, 6), (2, 7), (2, 8), (2, 9)] route=[(15, 11), (15, 12), (15, 13), (16, 13), (17, 13), (18, 13), (18, 12)]
2026-10-02 17:56:01,396 | INFO | Thread-2 (_run_capstone) | A* NEXT WAYPOINT robot=1 current=(15, 11) destination=(18, 12) waypoint=(15, 12) remaining_route=[(15, 11), (15, 12), (15, 13), (16, 13), (17, 13), (18, 13), (18, 12)]
2026-10-02 17:56:01,508 | INFO | Thread-2 (_run_capstone) | ACTIVE_TASK robot=2 task=TASK-001 phase=PICKUP
2026-10-02 17:56:01,508 | INFO | Thread-2 (_run_capstone) | EVENT | ROUTE_PLANNED | {'robot_id': 2, 'destination': (2, 9), 'route_length': 4, 'planner': 'astar', 'bandit_arm': None, 'bandit_reward': None, 'value_estimate': None, 'fallback_reason': None, 'nodes_expanded': 3, 'planning_time_ms': 0.024557113647460938}
2026-10-02 17:56:01,518 | INFO | Thread-2 (_run_capstone) | A* planned robot=2 destination=(2, 9) blocked_dynamic=[(3, 4), (15, 11), (15, 12), (15, 13), (16, 13), (17, 13), (18, 12), (18, 13)] route=[(2, 6), (2, 7), (2, 8), (2, 9)]
2026-10-02 17:56:01,518 | INFO | Thread-2 (_run_capstone) | A* NEXT WAYPOINT robot=2 current=(2, 6) destination=(2, 9) waypoint=(2, 7) remaining_route=[(2, 6), (2, 7), (2, 8), (2, 9)]
2026-10-02 17:56:01,617 | INFO | Thread-2 (_run_capstone) | MOVE REQUEST robot=2 pos=(2, 6) target=(2, 7) conflict_robot=1 conflict_target=None
2026-10-02 17:56:01,711 | INFO | Thread-2 (_run_capstone) | SARSA_ROUTE_MATCH robot=2 action=1 target=(2, 7)
2026-10-02 17:56:01,711 | INFO | Thread-2 (_run_capstone) | EVENT | ROBOT_MOVED | {'robot_id': 2, 'position': (2, 7), 'estimated_position': (2, 7), 'observation': 0, 'battery': 77.0}
2026-10-02 17:56:01,723 | INFO | Thread-2 (_run_capstone) | EVENT | SARSA_ACTION | {'robot_id': 2, 'action': 1, 'proposed_action': 1, 'position': (2, 7), 'target': (2, 7), 'controller': 'SARSA+ASTAR_ROUTE_GUARD'}
2026-10-02 17:56:01,732 | INFO | Thread-2 (_run_capstone) | MOVE RESULT robot=2 ok=True new_pos=(2, 7) battery=77.00 target=(2, 7)
2026-10-02 17:56:01,913 | INFO | Thread-2 (_run_capstone) | ACTIVE_TASK robot=1 task=TASK-002 phase=DELIVERY
2026-10-02 17:56:01,913 | INFO | Thread-2 (_run_capstone) | EVENT | ROUTE_PLANNED | {'robot_id': 1, 'destination': (18, 12), 'route_length': 7, 'planner': 'astar', 'bandit_arm': None, 'bandit_reward': None, 'value_estimate': None, 'fallback_reason': None, 'nodes_expanded': 9, 'planning_time_ms': 0.07700920104980469}
2026-10-02 17:56:01,923 | INFO | Thread-2 (_run_capstone) | A* planned robot=1 destination=(18, 12) blocked_dynamic=[(2, 6), (2, 7), (2, 8), (2, 9)] route=[(15, 11), (15, 12), (15, 13), (16, 13), (17, 13), (18, 13), (18, 12)]
2026-10-02 17:56:01,924 | INFO | Thread-2 (_run_capstone) | A* NEXT WAYPOINT robot=1 current=(15, 11) destination=(18, 12) waypoint=(15, 12) remaining_route=[(15, 11), (15, 12), (15, 13), (16, 13), (17, 13), (18, 13), (18, 12)]
2026-10-02 17:56:02,030 | INFO | Thread-2 (_run_capstone) | MOVE REQUEST robot=1 pos=(15, 11) target=(15, 12) conflict_robot=2 conflict_target=None
2026-10-02 17:56:02,127 | INFO | Thread-2 (_run_capstone) | SARSA_ROUTE_MATCH robot=1 action=1 target=(15, 12)
2026-10-02 17:56:02,127 | INFO | Thread-2 (_run_capstone) | EVENT | ROBOT_MOVED | {'robot_id': 1, 'position': (15, 12), 'estimated_position': (15, 12), 'observation': 1, 'battery': 77.0}
2026-10-02 17:56:02,141 | INFO | Thread-2 (_run_capstone) | EVENT | SARSA_ACTION | {'robot_id': 1, 'action': 1, 'proposed_action': 1, 'position': (15, 12), 'target': (15, 12), 'controller': 'SARSA+ASTAR_ROUTE_GUARD'}
2026-10-02 17:56:02,150 | INFO | Thread-2 (_run_capstone) | MOVE RESULT robot=1 ok=True new_pos=(15, 12) battery=77.00 target=(15, 12)
2026-10-02 17:56:02,150 | INFO | Thread-2 (_run_capstone) | ACTIVE_TASK robot=2 task=TASK-001 phase=PICKUP
2026-10-02 17:56:02,150 | INFO | Thread-2 (_run_capstone) | EVENT | ROUTE_PLANNED | {'robot_id': 2, 'destination': (2, 9), 'route_length': 3, 'planner': 'astar', 'bandit_arm': None, 'bandit_reward': None, 'value_estimate': None, 'fallback_reason': None, 'nodes_expanded': 2, 'planning_time_ms': 0.02384185791015625}
2026-10-02 17:56:02,158 | INFO | Thread-2 (_run_capstone) | A* planned robot=2 destination=(2, 9) blocked_dynamic=[(3, 4), (15, 11), (15, 12), (15, 13), (16, 13), (17, 13), (18, 12), (18, 13)] route=[(2, 7), (2, 8), (2, 9)]
2026-10-02 17:56:02,158 | INFO | Thread-2 (_run_capstone) | A* NEXT WAYPOINT robot=2 current=(2, 7) destination=(2, 9) waypoint=(2, 8) remaining_route=[(2, 7), (2, 8), (2, 9)]
2026-10-02 17:56:02,252 | INFO | Thread-2 (_run_capstone) | MOVE REQUEST robot=2 pos=(2, 7) target=(2, 8) conflict_robot=1 conflict_target=None
2026-10-02 17:56:02,349 | INFO | Thread-2 (_run_capstone) | SARSA_ROUTE_MATCH robot=2 action=1 target=(2, 8)
2026-10-02 17:56:02,349 | INFO | Thread-2 (_run_capstone) | EVENT | ROBOT_MOVED | {'robot_id': 2, 'position': (2, 8), 'estimated_position': (2, 8), 'observation': 4, 'battery': 76.0}
2026-10-02 17:56:02,358 | INFO | Thread-2 (_run_capstone) | EVENT | SARSA_ACTION | {'robot_id': 2, 'action': 1, 'proposed_action': 1, 'position': (2, 8), 'target': (2, 8), 'controller': 'SARSA+ASTAR_ROUTE_GUARD'}
2026-10-02 17:56:02,367 | INFO | Thread-2 (_run_capstone) | MOVE RESULT robot=2 ok=True new_pos=(2, 8) battery=76.00 target=(2, 8)
2026-10-02 17:56:02,547 | INFO | Thread-2 (_run_capstone) | ACTIVE_TASK robot=1 task=TASK-002 phase=DELIVERY
2026-10-02 17:56:02,547 | INFO | Thread-2 (_run_capstone) | EVENT | ROUTE_PLANNED | {'robot_id': 1, 'destination': (18, 12), 'route_length': 6, 'planner': 'astar', 'bandit_arm': None, 'bandit_reward': None, 'value_estimate': None, 'fallback_reason': None, 'nodes_expanded': 7, 'planning_time_ms': 0.07176399230957031}
2026-10-02 17:56:02,558 | INFO | Thread-2 (_run_capstone) | A* planned robot=1 destination=(18, 12) blocked_dynamic=[(2, 7), (2, 8), (2, 9)] route=[(15, 12), (15, 13), (16, 13), (17, 13), (18, 13), (18, 12)]
2026-10-02 17:56:02,558 | INFO | Thread-2 (_run_capstone) | A* NEXT WAYPOINT robot=1 current=(15, 12) destination=(18, 12) waypoint=(15, 13) remaining_route=[(15, 12), (15, 13), (16, 13), (17, 13), (18, 13), (18, 12)]
2026-10-02 17:56:02,661 | INFO | Thread-2 (_run_capstone) | MOVE REQUEST robot=1 pos=(15, 12) target=(15, 13) conflict_robot=2 conflict_target=None
2026-10-02 17:56:02,762 | INFO | Thread-2 (_run_capstone) | SARSA_ROUTE_MATCH robot=1 action=1 target=(15, 13)
2026-10-02 17:56:02,762 | INFO | Thread-2 (_run_capstone) | EVENT | ROBOT_MOVED | {'robot_id': 1, 'position': (15, 13), 'estimated_position': (15, 13), 'observation': 0, 'battery': 76.0}
2026-10-02 17:56:02,774 | INFO | Thread-2 (_run_capstone) | EVENT | SARSA_ACTION | {'robot_id': 1, 'action': 1, 'proposed_action': 1, 'position': (15, 13), 'target': (15, 13), 'controller': 'SARSA+ASTAR_ROUTE_GUARD'}
2026-10-02 17:56:02,783 | INFO | Thread-2 (_run_capstone) | MOVE RESULT robot=1 ok=True new_pos=(15, 13) battery=76.00 target=(15, 13)
2026-10-02 17:56:02,784 | INFO | Thread-2 (_run_capstone) | ACTIVE_TASK robot=2 task=TASK-001 phase=PICKUP
2026-10-02 17:56:02,784 | INFO | Thread-2 (_run_capstone) | EVENT | ROUTE_PLANNED | {'robot_id': 2, 'destination': (2, 9), 'route_length': 2, 'planner': 'astar', 'bandit_arm': None, 'bandit_reward': None, 'value_estimate': None, 'fallback_reason': None, 'nodes_expanded': 1, 'planning_time_ms': 0.030517578125}
2026-10-02 17:56:02,793 | INFO | Thread-2 (_run_capstone) | A* planned robot=2 destination=(2, 9) blocked_dynamic=[(3, 4), (15, 12), (15, 13), (16, 13), (17, 13), (18, 12), (18, 13)] route=[(2, 8), (2, 9)]
2026-10-02 17:56:02,793 | INFO | Thread-2 (_run_capstone) | A* NEXT WAYPOINT robot=2 current=(2, 8) destination=(2, 9) waypoint=(2, 9) remaining_route=[(2, 8), (2, 9)]
2026-10-02 17:56:02,895 | INFO | Thread-2 (_run_capstone) | MOVE REQUEST robot=2 pos=(2, 8) target=(2, 9) conflict_robot=1 conflict_target=None
2026-10-02 17:56:02,997 | INFO | Thread-2 (_run_capstone) | SARSA_ROUTE_MATCH robot=2 action=1 target=(2, 9)
2026-10-02 17:56:02,997 | INFO | Thread-2 (_run_capstone) | EVENT | ROBOT_MOVED | {'robot_id': 2, 'position': (2, 9), 'estimated_position': (2, 9), 'observation': 0, 'battery': 75.0}
2026-10-02 17:56:03,009 | INFO | Thread-2 (_run_capstone) | EVENT | SARSA_ACTION | {'robot_id': 2, 'action': 1, 'proposed_action': 1, 'position': (2, 9), 'target': (2, 9), 'controller': 'SARSA+ASTAR_ROUTE_GUARD'}
2026-10-02 17:56:03,018 | INFO | Thread-2 (_run_capstone) | MOVE RESULT robot=2 ok=True new_pos=(2, 9) battery=75.00 target=(2, 9)
2026-10-02 17:56:03,198 | INFO | Thread-2 (_run_capstone) | ACTIVE_TASK robot=1 task=TASK-002 phase=DELIVERY
2026-10-02 17:56:03,198 | INFO | Thread-2 (_run_capstone) | EVENT | ROUTE_PLANNED | {'robot_id': 1, 'destination': (18, 12), 'route_length': 5, 'planner': 'astar', 'bandit_arm': None, 'bandit_reward': None, 'value_estimate': None, 'fallback_reason': None, 'nodes_expanded': 5, 'planning_time_ms': 0.06079673767089844}
2026-10-02 17:56:03,211 | INFO | Thread-2 (_run_capstone) | A* planned robot=1 destination=(18, 12) blocked_dynamic=[(2, 8), (2, 9)] route=[(15, 13), (16, 13), (17, 13), (18, 13), (18, 12)]
2026-10-02 17:56:03,211 | INFO | Thread-2 (_run_capstone) | A* NEXT WAYPOINT robot=1 current=(15, 13) destination=(18, 12) waypoint=(16, 13) remaining_route=[(15, 13), (16, 13), (17, 13), (18, 13), (18, 12)]
2026-10-02 17:56:03,314 | INFO | Thread-2 (_run_capstone) | MOVE REQUEST robot=1 pos=(15, 13) target=(16, 13) conflict_robot=2 conflict_target=None
2026-10-02 17:56:03,414 | INFO | Thread-2 (_run_capstone) | SARSA_ROUTE_MATCH robot=1 action=2 target=(16, 13)
2026-10-02 17:56:03,415 | INFO | Thread-2 (_run_capstone) | EVENT | ROBOT_MOVED | {'robot_id': 1, 'position': (16, 13), 'estimated_position': (16, 13), 'observation': 2, 'battery': 75.0}
2026-10-02 17:56:03,426 | INFO | Thread-2 (_run_capstone) | EVENT | SARSA_ACTION | {'robot_id': 1, 'action': 2, 'proposed_action': 2, 'position': (16, 13), 'target': (16, 13), 'controller': 'SARSA+ASTAR_ROUTE_GUARD'}
2026-10-02 17:56:03,434 | INFO | Thread-2 (_run_capstone) | MOVE RESULT robot=1 ok=True new_pos=(16, 13) battery=75.00 target=(16, 13)
2026-10-02 17:56:03,434 | INFO | Thread-2 (_run_capstone) | ACTIVE_TASK robot=2 task=TASK-001 phase=PICKUP
2026-10-02 17:56:03,434 | INFO | Thread-2 (_run_capstone) | PICKUP reached robot=2 task=TASK-001 item=ITEM-001 at=(2, 9)
2026-10-02 17:56:03,434 | INFO | Thread-2 (_run_capstone) | EVENT | ITEM_PICKED | {'robot_id': 2, 'item_id': 'ITEM-001'}
2026-10-02 17:56:03,442 | INFO | Thread-2 (_run_capstone) | EVENT | ROUTE_PLANNED | {'robot_id': 2, 'destination': (3, 4), 'route_length': 7, 'planner': 'astar', 'bandit_arm': None, 'bandit_reward': None, 'value_estimate': None, 'fallback_reason': None, 'nodes_expanded': 11, 'planning_time_ms': 0.07653236389160156}
2026-10-02 17:56:03,450 | INFO | Thread-2 (_run_capstone) | A* planned robot=2 destination=(3, 4) blocked_dynamic=[(15, 13), (16, 13), (17, 13), (18, 12), (18, 13)] route=[(2, 9), (3, 9), (3, 8), (3, 7), (3, 6), (3, 5), (3, 4)]
2026-10-02 17:56:03,450 | INFO | Thread-2 (_run_capstone) | A* NEXT WAYPOINT robot=2 current=(2, 9) destination=(3, 4) waypoint=(3, 9) remaining_route=[(2, 9), (3, 9), (3, 8), (3, 7), (3, 6), (3, 5), (3, 4)]
2026-10-02 17:56:03,734 | INFO | Thread-2 (_run_capstone) | ACTIVE_TASK robot=1 task=TASK-002 phase=DELIVERY
2026-10-02 17:56:03,734 | INFO | Thread-2 (_run_capstone) | EVENT | ROUTE_PLANNED | {'robot_id': 1, 'destination': (18, 12), 'route_length': 4, 'planner': 'astar', 'bandit_arm': None, 'bandit_reward': None, 'value_estimate': None, 'fallback_reason': None, 'nodes_expanded': 3, 'planning_time_ms': 0.03147125244140625}
2026-10-02 17:56:03,743 | INFO | Thread-2 (_run_capstone) | A* planned robot=1 destination=(18, 12) blocked_dynamic=[(2, 9), (3, 4), (3, 5), (3, 6), (3, 7), (3, 8), (3, 9)] route=[(16, 13), (17, 13), (18, 13), (18, 12)]
2026-10-02 17:56:03,743 | INFO | Thread-2 (_run_capstone) | A* NEXT WAYPOINT robot=1 current=(16, 13) destination=(18, 12) waypoint=(17, 13) remaining_route=[(16, 13), (17, 13), (18, 13), (18, 12)]
2026-10-02 17:56:03,840 | INFO | Thread-2 (_run_capstone) | MOVE REQUEST robot=1 pos=(16, 13) target=(17, 13) conflict_robot=2 conflict_target=None
2026-10-02 17:56:03,937 | INFO | Thread-2 (_run_capstone) | SARSA_ROUTE_MATCH robot=1 action=2 target=(17, 13)
2026-10-02 17:56:03,937 | INFO | Thread-2 (_run_capstone) | EVENT | ROBOT_MOVED | {'robot_id': 1, 'position': (17, 13), 'estimated_position': (17, 13), 'observation': 3, 'battery': 74.0}
2026-10-02 17:56:03,945 | INFO | Thread-2 (_run_capstone) | EVENT | SARSA_ACTION | {'robot_id': 1, 'action': 2, 'proposed_action': 2, 'position': (17, 13), 'target': (17, 13), 'controller': 'SARSA+ASTAR_ROUTE_GUARD'}
2026-10-02 17:56:03,954 | INFO | Thread-2 (_run_capstone) | MOVE RESULT robot=1 ok=True new_pos=(17, 13) battery=74.00 target=(17, 13)
2026-10-02 17:56:03,954 | INFO | Thread-2 (_run_capstone) | ACTIVE_TASK robot=2 task=TASK-001 phase=DELIVERY
2026-10-02 17:56:03,954 | INFO | Thread-2 (_run_capstone) | EVENT | ROUTE_PLANNED | {'robot_id': 2, 'destination': (3, 4), 'route_length': 7, 'planner': 'astar', 'bandit_arm': None, 'bandit_reward': None, 'value_estimate': None, 'fallback_reason': None, 'nodes_expanded': 11, 'planning_time_ms': 0.07271766662597656}
2026-10-02 17:56:03,963 | INFO | Thread-2 (_run_capstone) | A* planned robot=2 destination=(3, 4) blocked_dynamic=[(16, 13), (17, 13), (18, 12), (18, 13)] route=[(2, 9), (3, 9), (3, 8), (3, 7), (3, 6), (3, 5), (3, 4)]
2026-10-02 17:56:03,963 | INFO | Thread-2 (_run_capstone) | A* NEXT WAYPOINT robot=2 current=(2, 9) destination=(3, 4) waypoint=(3, 9) remaining_route=[(2, 9), (3, 9), (3, 8), (3, 7), (3, 6), (3, 5), (3, 4)]
2026-10-02 17:56:04,070 | INFO | Thread-2 (_run_capstone) | MOVE REQUEST robot=2 pos=(2, 9) target=(3, 9) conflict_robot=1 conflict_target=None
2026-10-02 17:56:04,173 | INFO | Thread-2 (_run_capstone) | SARSA_ROUTE_MATCH robot=2 action=2 target=(3, 9)
2026-10-02 17:56:04,173 | INFO | Thread-2 (_run_capstone) | EVENT | ROBOT_MOVED | {'robot_id': 2, 'position': (3, 9), 'estimated_position': (3, 9), 'observation': 1, 'battery': 74.0}
2026-10-02 17:56:04,185 | INFO | Thread-2 (_run_capstone) | EVENT | SARSA_ACTION | {'robot_id': 2, 'action': 2, 'proposed_action': 2, 'position': (3, 9), 'target': (3, 9), 'controller': 'SARSA+ASTAR_ROUTE_GUARD'}
2026-10-02 17:56:04,193 | INFO | Thread-2 (_run_capstone) | MOVE RESULT robot=2 ok=True new_pos=(3, 9) battery=74.00 target=(3, 9)
2026-10-02 17:56:04,374 | INFO | Thread-2 (_run_capstone) | ACTIVE_TASK robot=1 task=TASK-002 phase=DELIVERY
2026-10-02 17:56:04,374 | INFO | Thread-2 (_run_capstone) | EVENT | ROUTE_PLANNED | {'robot_id': 1, 'destination': (18, 12), 'route_length': 3, 'planner': 'astar', 'bandit_arm': None, 'bandit_reward': None, 'value_estimate': None, 'fallback_reason': None, 'nodes_expanded': 2, 'planning_time_ms': 0.0286102294921875}
2026-10-02 17:56:04,382 | INFO | Thread-2 (_run_capstone) | A* planned robot=1 destination=(18, 12) blocked_dynamic=[(2, 9), (3, 4), (3, 5), (3, 6), (3, 7), (3, 8), (3, 9)] route=[(17, 13), (18, 13), (18, 12)]
2026-10-02 17:56:04,383 | INFO | Thread-2 (_run_capstone) | A* NEXT WAYPOINT robot=1 current=(17, 13) destination=(18, 12) waypoint=(18, 13) remaining_route=[(17, 13), (18, 13), (18, 12)]
2026-10-02 17:56:04,493 | INFO | Thread-2 (_run_capstone) | MOVE REQUEST robot=1 pos=(17, 13) target=(18, 13) conflict_robot=2 conflict_target=None
2026-10-02 17:56:04,593 | INFO | Thread-2 (_run_capstone) | SARSA_ROUTE_MATCH robot=1 action=2 target=(18, 13)
2026-10-02 17:56:04,594 | INFO | Thread-2 (_run_capstone) | EVENT | ROBOT_MOVED | {'robot_id': 1, 'position': (18, 13), 'estimated_position': (18, 13), 'observation': 0, 'battery': 73.0}
2026-10-02 17:56:04,605 | INFO | Thread-2 (_run_capstone) | EVENT | SARSA_ACTION | {'robot_id': 1, 'action': 2, 'proposed_action': 2, 'position': (18, 13), 'target': (18, 13), 'controller': 'SARSA+ASTAR_ROUTE_GUARD'}
2026-10-02 17:56:04,614 | INFO | Thread-2 (_run_capstone) | MOVE RESULT robot=1 ok=True new_pos=(18, 13) battery=73.00 target=(18, 13)
2026-10-02 17:56:04,614 | INFO | Thread-2 (_run_capstone) | ACTIVE_TASK robot=2 task=TASK-001 phase=DELIVERY
2026-10-02 17:56:04,614 | INFO | Thread-2 (_run_capstone) | EVENT | ROUTE_PLANNED | {'robot_id': 2, 'destination': (3, 4), 'route_length': 6, 'planner': 'astar', 'bandit_arm': None, 'bandit_reward': None, 'value_estimate': None, 'fallback_reason': None, 'nodes_expanded': 5, 'planning_time_ms': 0.03600120544433594}
2026-10-02 17:56:04,622 | INFO | Thread-2 (_run_capstone) | A* planned robot=2 destination=(3, 4) blocked_dynamic=[(17, 13), (18, 12), (18, 13)] route=[(3, 9), (3, 8), (3, 7), (3, 6), (3, 5), (3, 4)]
2026-10-02 17:56:04,623 | INFO | Thread-2 (_run_capstone) | A* NEXT WAYPOINT robot=2 current=(3, 9) destination=(3, 4) waypoint=(3, 8) remaining_route=[(3, 9), (3, 8), (3, 7), (3, 6), (3, 5), (3, 4)]
2026-10-02 17:56:04,719 | INFO | Thread-2 (_run_capstone) | MOVE REQUEST robot=2 pos=(3, 9) target=(3, 8) conflict_robot=1 conflict_target=None
2026-10-02 17:56:04,817 | INFO | Thread-2 (_run_capstone) | SARSA_ROUTE_MATCH robot=2 action=0 target=(3, 8)
2026-10-02 17:56:04,818 | INFO | Thread-2 (_run_capstone) | EVENT | ROBOT_MOVED | {'robot_id': 2, 'position': (3, 8), 'estimated_position': (3, 8), 'observation': 1, 'battery': 73.0}
2026-10-02 17:56:04,829 | INFO | Thread-2 (_run_capstone) | EVENT | SARSA_ACTION | {'robot_id': 2, 'action': 0, 'proposed_action': 0, 'position': (3, 8), 'target': (3, 8), 'controller': 'SARSA+ASTAR_ROUTE_GUARD'}
2026-10-02 17:56:04,837 | INFO | Thread-2 (_run_capstone) | MOVE RESULT robot=2 ok=True new_pos=(3, 8) battery=73.00 target=(3, 8)
2026-10-02 17:56:05,018 | INFO | Thread-2 (_run_capstone) | ACTIVE_TASK robot=1 task=TASK-002 phase=DELIVERY
2026-10-02 17:56:05,018 | INFO | Thread-2 (_run_capstone) | EVENT | ROUTE_PLANNED | {'robot_id': 1, 'destination': (18, 12), 'route_length': 2, 'planner': 'astar', 'bandit_arm': None, 'bandit_reward': None, 'value_estimate': None, 'fallback_reason': None, 'nodes_expanded': 1, 'planning_time_ms': 0.030279159545898438}
2026-10-02 17:56:05,029 | INFO | Thread-2 (_run_capstone) | A* planned robot=1 destination=(18, 12) blocked_dynamic=[(3, 4), (3, 5), (3, 6), (3, 7), (3, 8), (3, 9)] route=[(18, 13), (18, 12)]
2026-10-02 17:56:05,029 | INFO | Thread-2 (_run_capstone) | A* NEXT WAYPOINT robot=1 current=(18, 13) destination=(18, 12) waypoint=(18, 12) remaining_route=[(18, 13), (18, 12)]
2026-10-02 17:56:05,136 | INFO | Thread-2 (_run_capstone) | MOVE REQUEST robot=1 pos=(18, 13) target=(18, 12) conflict_robot=2 conflict_target=None
2026-10-02 17:56:05,235 | INFO | Thread-2 (_run_capstone) | SARSA_ROUTE_MATCH robot=1 action=0 target=(18, 12)
2026-10-02 17:56:05,235 | INFO | Thread-2 (_run_capstone) | EVENT | ROBOT_MOVED | {'robot_id': 1, 'position': (18, 12), 'estimated_position': (18, 12), 'observation': 1, 'battery': 72.0}
2026-10-02 17:56:05,247 | INFO | Thread-2 (_run_capstone) | EVENT | SARSA_ACTION | {'robot_id': 1, 'action': 0, 'proposed_action': 0, 'position': (18, 12), 'target': (18, 12), 'controller': 'SARSA+ASTAR_ROUTE_GUARD'}
2026-10-02 17:56:05,256 | INFO | Thread-2 (_run_capstone) | MOVE RESULT robot=1 ok=True new_pos=(18, 12) battery=72.00 target=(18, 12)
2026-10-02 17:56:05,256 | INFO | Thread-2 (_run_capstone) | ACTIVE_TASK robot=2 task=TASK-001 phase=DELIVERY
2026-10-02 17:56:05,256 | INFO | Thread-2 (_run_capstone) | EVENT | ROUTE_PLANNED | {'robot_id': 2, 'destination': (3, 4), 'route_length': 5, 'planner': 'astar', 'bandit_arm': None, 'bandit_reward': None, 'value_estimate': None, 'fallback_reason': None, 'nodes_expanded': 4, 'planning_time_ms': 0.04744529724121094}
2026-10-02 17:56:05,265 | INFO | Thread-2 (_run_capstone) | A* planned robot=2 destination=(3, 4) blocked_dynamic=[(18, 12), (18, 13)] route=[(3, 8), (3, 7), (3, 6), (3, 5), (3, 4)]
2026-10-02 17:56:05,265 | INFO | Thread-2 (_run_capstone) | A* NEXT WAYPOINT robot=2 current=(3, 8) destination=(3, 4) waypoint=(3, 7) remaining_route=[(3, 8), (3, 7), (3, 6), (3, 5), (3, 4)]
2026-10-02 17:56:05,369 | INFO | Thread-2 (_run_capstone) | MOVE REQUEST robot=2 pos=(3, 8) target=(3, 7) conflict_robot=1 conflict_target=None
2026-10-02 17:56:05,467 | INFO | Thread-2 (_run_capstone) | SARSA_ROUTE_MATCH robot=2 action=0 target=(3, 7)
2026-10-02 17:56:05,468 | INFO | Thread-2 (_run_capstone) | EVENT | ROBOT_MOVED | {'robot_id': 2, 'position': (3, 7), 'estimated_position': (3, 7), 'observation': 1, 'battery': 72.0}
2026-10-02 17:56:05,482 | INFO | Thread-2 (_run_capstone) | EVENT | SARSA_ACTION | {'robot_id': 2, 'action': 0, 'proposed_action': 0, 'position': (3, 7), 'target': (3, 7), 'controller': 'SARSA+ASTAR_ROUTE_GUARD'}
2026-10-02 17:56:05,491 | INFO | Thread-2 (_run_capstone) | MOVE RESULT robot=2 ok=True new_pos=(3, 7) battery=72.00 target=(3, 7)
2026-10-02 17:56:05,671 | INFO | Thread-2 (_run_capstone) | ACTIVE_TASK robot=1 task=TASK-002 phase=DELIVERY
2026-10-02 17:56:05,671 | INFO | Thread-2 (_run_capstone) | DELIVERY reached robot=1 task=TASK-002 destination=(18, 12)
2026-10-02 17:56:05,671 | INFO | Thread-2 (_run_capstone) | EVENT | ITEM_DELIVERED | {'robot_id': 1, 'item_id': 'ITEM-002', 'task_id': 'TASK-002'}
2026-10-02 17:56:05,684 | INFO | Thread-2 (_run_capstone) | ACTIVE_TASK robot=2 task=TASK-001 phase=DELIVERY
2026-10-02 17:56:05,684 | INFO | Thread-2 (_run_capstone) | EVENT | ROUTE_PLANNED | {'robot_id': 2, 'destination': (3, 4), 'route_length': 4, 'planner': 'astar', 'bandit_arm': None, 'bandit_reward': None, 'value_estimate': None, 'fallback_reason': None, 'nodes_expanded': 3, 'planning_time_ms': 0.03337860107421875}
2026-10-02 17:56:05,692 | INFO | Thread-2 (_run_capstone) | A* planned robot=2 destination=(3, 4) blocked_dynamic=[(18, 12), (18, 13)] route=[(3, 7), (3, 6), (3, 5), (3, 4)]
2026-10-02 17:56:05,692 | INFO | Thread-2 (_run_capstone) | A* NEXT WAYPOINT robot=2 current=(3, 7) destination=(3, 4) waypoint=(3, 6) remaining_route=[(3, 7), (3, 6), (3, 5), (3, 4)]
2026-10-02 17:56:05,799 | INFO | Thread-2 (_run_capstone) | MOVE REQUEST robot=2 pos=(3, 7) target=(3, 6) conflict_robot=1 conflict_target=None
2026-10-02 17:56:05,898 | INFO | Thread-2 (_run_capstone) | SARSA_ROUTE_MATCH robot=2 action=0 target=(3, 6)
2026-10-02 17:56:05,899 | INFO | Thread-2 (_run_capstone) | EVENT | ROBOT_MOVED | {'robot_id': 2, 'position': (3, 6), 'estimated_position': (3, 6), 'observation': 2, 'battery': 71.0}
2026-10-02 17:56:05,908 | INFO | Thread-2 (_run_capstone) | EVENT | SARSA_ACTION | {'robot_id': 2, 'action': 0, 'proposed_action': 0, 'position': (3, 6), 'target': (3, 6), 'controller': 'SARSA+ASTAR_ROUTE_GUARD'}
2026-10-02 17:56:05,916 | INFO | Thread-2 (_run_capstone) | MOVE RESULT robot=2 ok=True new_pos=(3, 6) battery=71.00 target=(3, 6)
2026-10-02 17:56:06,096 | INFO | Thread-2 (_run_capstone) | ACTIVE_TASK robot=2 task=TASK-001 phase=DELIVERY
2026-10-02 17:56:06,097 | INFO | Thread-2 (_run_capstone) | EVENT | ROUTE_PLANNED | {'robot_id': 2, 'destination': (3, 4), 'route_length': 3, 'planner': 'astar', 'bandit_arm': None, 'bandit_reward': None, 'value_estimate': None, 'fallback_reason': None, 'nodes_expanded': 2, 'planning_time_ms': 0.02765655517578125}
2026-10-02 17:56:06,111 | INFO | Thread-2 (_run_capstone) | A* planned robot=2 destination=(3, 4) blocked_dynamic=[(18, 12), (18, 13)] route=[(3, 6), (3, 5), (3, 4)]
2026-10-02 17:56:06,111 | INFO | Thread-2 (_run_capstone) | A* NEXT WAYPOINT robot=2 current=(3, 6) destination=(3, 4) waypoint=(3, 5) remaining_route=[(3, 6), (3, 5), (3, 4)]
2026-10-02 17:56:06,221 | INFO | Thread-2 (_run_capstone) | MOVE REQUEST robot=2 pos=(3, 6) target=(3, 5) conflict_robot=1 conflict_target=None
2026-10-02 17:56:06,323 | INFO | Thread-2 (_run_capstone) | SARSA_ROUTE_MATCH robot=2 action=0 target=(3, 5)
2026-10-02 17:56:06,323 | INFO | Thread-2 (_run_capstone) | EVENT | ROBOT_MOVED | {'robot_id': 2, 'position': (3, 5), 'estimated_position': (3, 5), 'observation': 1, 'battery': 70.0}
2026-10-02 17:56:06,332 | INFO | Thread-2 (_run_capstone) | EVENT | SARSA_ACTION | {'robot_id': 2, 'action': 0, 'proposed_action': 0, 'position': (3, 5), 'target': (3, 5), 'controller': 'SARSA+ASTAR_ROUTE_GUARD'}
2026-10-02 17:56:06,342 | INFO | Thread-2 (_run_capstone) | MOVE RESULT robot=2 ok=True new_pos=(3, 5) battery=70.00 target=(3, 5)
2026-10-02 17:56:06,522 | INFO | Thread-2 (_run_capstone) | ACTIVE_TASK robot=2 task=TASK-001 phase=DELIVERY
2026-10-02 17:56:06,522 | INFO | Thread-2 (_run_capstone) | EVENT | ROUTE_PLANNED | {'robot_id': 2, 'destination': (3, 4), 'route_length': 2, 'planner': 'astar', 'bandit_arm': None, 'bandit_reward': None, 'value_estimate': None, 'fallback_reason': None, 'nodes_expanded': 1, 'planning_time_ms': 0.023365020751953125}
2026-10-02 17:56:06,531 | INFO | Thread-2 (_run_capstone) | A* planned robot=2 destination=(3, 4) blocked_dynamic=[(18, 12), (18, 13)] route=[(3, 5), (3, 4)]
2026-10-02 17:56:06,531 | INFO | Thread-2 (_run_capstone) | A* NEXT WAYPOINT robot=2 current=(3, 5) destination=(3, 4) waypoint=(3, 4) remaining_route=[(3, 5), (3, 4)]
2026-10-02 17:56:06,640 | INFO | Thread-2 (_run_capstone) | MOVE REQUEST robot=2 pos=(3, 5) target=(3, 4) conflict_robot=1 conflict_target=None
2026-10-02 17:56:06,736 | INFO | Thread-2 (_run_capstone) | SARSA_ROUTE_MATCH robot=2 action=0 target=(3, 4)
2026-10-02 17:56:06,736 | INFO | Thread-2 (_run_capstone) | EVENT | ROBOT_MOVED | {'robot_id': 2, 'position': (3, 4), 'estimated_position': (3, 4), 'observation': 1, 'battery': 69.0}
2026-10-02 17:56:06,750 | INFO | Thread-2 (_run_capstone) | EVENT | SARSA_ACTION | {'robot_id': 2, 'action': 0, 'proposed_action': 0, 'position': (3, 4), 'target': (3, 4), 'controller': 'SARSA+ASTAR_ROUTE_GUARD'}
2026-10-02 17:56:06,759 | INFO | Thread-2 (_run_capstone) | MOVE RESULT robot=2 ok=True new_pos=(3, 4) battery=69.00 target=(3, 4)
2026-10-02 17:56:06,939 | INFO | Thread-2 (_run_capstone) | ACTIVE_TASK robot=2 task=TASK-001 phase=DELIVERY
2026-10-02 17:56:06,939 | INFO | Thread-2 (_run_capstone) | DELIVERY reached robot=2 task=TASK-001 destination=(3, 4)
2026-10-02 17:56:06,939 | INFO | Thread-2 (_run_capstone) | EVENT | ITEM_DELIVERED | {'robot_id': 2, 'item_id': 'ITEM-001', 'task_id': 'TASK-001'}
2026-10-02 17:56:07,132 | INFO | Thread-2 (_run_capstone) | UNHANDLED ERROR
Traceback (most recent call last):
  File "C:\Users\Ishaan Kurian\Downloads\capstone_warehouse_integrated\capstone_warehouse\capstone_dashboard_multi_robot.py", line 866, in _run_capstone
    raise RuntimeError(
    ...<2 lines>...
    )
RuntimeError: Safety violation: Robot 1 entered Robot 2's delivery goal (18, 12)

